LAMPIRAN 3,,,,,
Jumlah Kabupaten/kota Yang,Memiliki,Minimal,1,Puskesmas,Yang
Tersertifikasi Akreditasi Nasional,,,,,
Laporan Akuntabilitas Kinerja Ditjen Pelayanan Kesehatan Tahun 2016,,,,61,

No,KODE PUSK.,PROVINSI,KABUPATEN/KOTA,KECAMATAN,PUSKESMAS
66,P1310050201,Sumatera Barat,Solok Selatan,KOTO PARIK GADANG DIATEH,PAKAN RABA
67,P1311030103,Sumatera Barat,Dharmas Raya,SITIUNG,SITIUNG I
68,P1312050102,Sumatera Barat,Pasaman Barat,LEMBAH MALINTANG,SUNGAI AUR
69,P1312070102,Sumatera Barat,Pasaman Barat,TALAMAU,TALU
70,P1312080101,Sumatera Barat,Pasaman Barat,PASAMAN,SUKA MENANTI
71,P1371020201,Sumatera Barat,Kota Padang,LUBUK KILANGAN,LUBUK KILANGAN
72,P1371060101,Sumatera Barat,Kota Padang,PADANG BARAT,PADANG PASIR
73,P1371070202,Sumatera Barat,Kota Padang,PADANG UTARA,AIR TAWAR
74,P1371080202,Sumatera Barat,Kota Padang,NANGGALO,LAPAI
75,P1371110102,Sumatera Barat,Kota Padang,KOTO TANGAH,LB.BUAYA
76,P1372010201,Sumatera Barat,Kota Solok,LUBUK SIKARAH,TANAH GARAM
77,P1372020201,Sumatera Barat,Kota Solok,TANJUNG HARAPAN,TANJUNG PAKU
78,P1373010101,Sumatera Barat,Kota Sawah Lunto,SILUNGKANG,SILUNGKANG
79,P1373040101,Sumatera Barat,Kota Sawah Lunto,TALAWI,TALAWI
80,P1374010201,Sumatera Barat,Kota Padang Panjang,PADANG PANJANG BARAT,KEBUN SIKOLOS
81,P1374020202,Sumatera Barat,Kota Padang Panjang,PADANG PANJANG TIMUR,KOTO KATIK
82,P1375010201,Sumatera Barat,Kota Bukit Tinggi,GUGUK PANJANG,PERKOTAAN RASIMAH AHMAD
83,P1375010202,Sumatera Barat,Kota Bukit Tinggi,GUGUK PANJANG,GUGUK PANJANG
84,P1376010202,Sumatera Barat,Kota Payakumbuh,PAYAKUMBUH BARAT,PARIT RANTANG
85,P1376010203,Sumatera Barat,Kota Payakumbuh,PAYAKUMBUH BARAT,PAYOLANSEK
86,P1376011201,Sumatera Barat,Kota Payakumbuh,PAYAKUMBUH SELATAN,KARAMBIA
87,P1376020201,Sumatera Barat,Kota Payakumbuh,PAYAKUMBUH TIMUR,AIR TABIT
88,P1376020202,Sumatera Barat,Kota Payakumbuh,PAYAKUMBUH TIMUR,TIAKAR
89,P1376030201,Sumatera Barat,Kota Payakumbuh,PAYAKUMBUH UTARA,TAROK
90,P1377020202,Sumatera Barat,Kota Pariaman,PARIAMAN TENGAH,AIR SANTOK
91,P1403040102,Riau,Indragiri Hilir,TANAH MERAH,KUALA ENOK
92,P1403060102,Riau,Indragiri Hilir,TEMBILAHAN,GAJAH MADA
93,P1403060201,Riau,Indragiri Hilir,TEMBILAHAN,TEMBILAHAN KOTA
94,P1403061101,Riau,Indragiri Hilir,TEMBILAHAN HULU,TEMBILAHAN HULU
95,P1404011201,Riau,Pelalawan,PANGKALAN KERINCI,PANGKALAN KERINCI
96,P1404021101,Riau,Pelalawan,UKUI,UKUI
97,P1405020201,Riau,Siak,SIAK,SIAK
98,P1406010101,Riau,Kampar,KAMPAR KIRI,KAMPAR KIRI
99,P1406030101,Riau,Kampar,KUOK,BANGKINANG BARAT
100,P1406040203,Riau,Kampar,TAPUNG,TAPUNG
101,P1407030203,Riau,Rokan Hulu,RAMBAH SAMO,RAMBAH
102,P1407050101,Riau,Rokan Hulu,TAMBUSAI,TAMBUSAI
103,P1407070101,Riau,Rokan Hulu,KUNTO DARUSSALAM,KUNTO DARUSSALAM
104,P1410010103,Riau,Kepulauan Meranti,TEBING TINGGI BARAT,ALAI
105,P1410020201,Riau,Kepulauan Meranti,TEBING TINGGI,SELAT PANJANG
106,P1473010101,Riau,Kota Dumai,BUKIT KAPUR,BUKIT KAPUR
107,P1473010202,Riau,Kota Dumai,BUKIT KAPUR,BUKIT KAYU KAPUR
108,P1473011101,Riau,Kota Dumai,MEDANG KAMPAI,MEDANG KAMPAI
109,P1473012101,Riau,Kota Dumai,SUNGAI SEMBILAN,SUNGAI SEMBILAN
110,P1473020201,Riau,Kota Dumai,DUMAI BARAT,DUMAI BARAT
111,P1473020203,Riau,Kota Dumai,DUMAI BARAT,PURNAMA
112,P1473021201,Riau,Kota Dumai,DUMAI SELATAN,BUKIT TIMAH
113,P1473021202,Riau,Kota Dumai,DUMAI SELATAN,BUMI AYU
114,P1501030202,Jambi,Kerinci,KELILING DANAU,SEMERAP
115,P1501081201,Jambi,Kerinci,SIULAK,SI ULAK GEDANG
116,P1501090101,Jambi,Kerinci,KAYU ARO,KERSIK TUO
117,P1501091201,Jambi,Kerinci,GUNUNG TUJUH,PELOMPEK
118,P1502040201,Jambi,Merangin,BANGKO,BANGKO
119,P1502040202,Jambi,Merangin,BANGKO,PEMATANG KANDIS
120,P1503050101,Jambi,Sarolangun,PAUH,PAUH
121,P1504010101,Jambi,Batang Hari,MERSAM,MERSAM
122,P1504011101,Jambi,Batang Hari,MARO SEBO ULU,SUNGAI RENGAS
123,P1504020101,Jambi,Batang Hari,BATIN XXIV,DURIAN LUNCUK
124,P1504030101,Jambi,Batang Hari,MUARA TEMBESI,MUARA TEMBESI
125,P1504040201,Jambi,Batang Hari,MUARA BULIAN,MUARA BULIAN
126,P1504041101,Jambi,Batang Hari,BAJUBANG,PENEROKAN
127,P1504050101,Jambi,Batang Hari,PEMAYUNG,JEMBATAN MAS
128,P1505050101,Jambi,Muaro Jambi,JAMBI LUAR KOTA,SIMPANG SEI DUREN
129,P1505060202,Jambi,Muaro Jambi,SEKERNAN,SEKERNAN ILIR
130,P1506032103,Jambi,Tanjung Jabung Timur,MUARA SABAK TIMUR,MUARA SABAK TIMUR
131,P1506040101,Jambi,Tanjung Jabung Timur,RANTAU RASAU,RANTAU RASAU
132,P1506050101,Jambi,Tanjung Jabung Timur,NIPAH PANJANG,NIPAH PANJANG
133,P1507012101,Jambi,Tanjung Jabung Barat,BATANG ASAM,SUBAN
134,P1507013102,Jambi,Tanjung Jabung Barat,TEBING TINGGI,PURWODADI
135,P1507030202,Jambi,Tanjung Jabung Barat,TUNGKAL ILIR,KUALA TUNGKAL II
136,P1507031201,Jambi,Tanjung Jabung Barat,BRAM ITAM,SUNGAI SAREN
137,P1508030101,Jambi,Tebo,RIMBO BUJANG,RIMBO BUJANG II
138,P1508040101,Jambi,Tebo,TEBO ULU,PULAU TEMIANG
139,P1509023201,Jambi,Bungo,BUNGO DANI,MUARA BUNGO II
140,P1509011102,Jambi,Bungo,PELEPAT ILIR,KUAMANG KUNING I
Laporan Akuntabilitas Kinerja Ditjen Pelayanan Kesehatan Tahun 2016,,,,,62

No,KODE PUSK.,PROVINSI,KABUPATEN/KOTA,KECAMATAN,PUSKESMAS
141,P1571020101,Jambi,Kota Jambi,JAMBI SELATAN,PAKUAN BARU
142,P1571030201,Jambi,Kota Jambi,JELUTUNG,SIMPANG KAWAT
143,P1571080201,Jambi,Kota Jambi,JAMBI TIMUR,TANJUNG PINANG
144,P1572010201,Jambi,Kota Sungai Penuh,TANAH KAMPUNG,TANAH KAMPUNG
145,P1572020201,Jambi,Kota Sungai Penuh,KUMUN DEBAI,KUMUN
146,P1572030102,Jambi,Kota Sungai Penuh,SUNGAI PENUH,DESA GEDANG
147,P1572030201,Jambi,Kota Sungai Penuh,SUNGAI PENUH,SUNGAI PENUH
148,P1601070201,Sumatera Selatan,Ogan Komering Ulu,SOSOH BUAY RAYAP,PENYADINGAN
149,P1601091201,Sumatera Selatan,Ogan Komering Ulu,LUBUK BATANG,LUBUK BATANG
150,P1601130202,Sumatera Selatan,Ogan Komering Ulu,BATU RAJA TIMUR,KEMALA RAJA
151,P1601140201,Sumatera Selatan,Ogan Komering Ulu,BATU RAJA BARAT,TANJUNG AGUNG
152,P1605032201,Sumatera Selatan,Musi Rawas,SUMBER HARTA,SUMBER HARTA
153,P1605040101,Sumatera Selatan,Musi Rawas,TUGUMULYO,NAWANGSASI
154,P1605050101,Sumatera Selatan,Musi Rawas,MUARA BELITI,MUARA BELITI
155,P1606030101,Sumatera Selatan,Musi Banyuasin,SUNGAI KERUH,TEBING BULANG
156,P1606040202,Sumatera Selatan,Musi Banyuasin,SEKAYU,LUMPATAN
157,P1612030201,Sumatera Selatan,Penukal Abab Lematang IlAirBAB,,ABAB
158,P1612050202,Sumatera Selatan,Penukal Abab Lematang IlPirENUKAL UTARA,,AIR ITAM
159,P1671010201,Sumatera Selatan,Kota Palembang,ILIR BARAT II,MAKRAYU
160,P1671021202,Sumatera Selatan,Kota Palembang,KERTAPATI,KERTAPATI
161,P1671031201,Sumatera Selatan,Kota Palembang,PLAJU,PLAJU
162,P1671040203,Sumatera Selatan,Kota Palembang,ILIR BARAT I,PAKJO
163,P1671040205,Sumatera Selatan,Kota Palembang,ILIR BARAT I,PADANG SELASA
164,P1671041202,Sumatera Selatan,Kota Palembang,BUKIT KECIL,MERDEKA
165,P1671050202,Sumatera Selatan,Kota Palembang,ILIR TIMUR I,DEMPO
166,P1671060205,Sumatera Selatan,Kota Palembang,ILIR TIMUR II,SABOKINGKING
167,P1671071201,Sumatera Selatan,Kota Palembang,SEMATANG BORANG,SAKO
168,P1671080202,Sumatera Selatan,Kota Palembang,SUKARAMI,SUKARAME
169,P1671081202,Sumatera Selatan,Kota Palembang,ALANG ALANG LEBAR,ALANGALANG LEBAR
170,P1672020201,Sumatera Selatan,Kota Prabumulih,PRABUMULIH TIMUR,PRABUMULIH TIMUR
171,P1672030201,Sumatera Selatan,Kota Prabumulih,PRABUMULIH BARAT,PRABUMULIH BARAT
172,P1672030202,Sumatera Selatan,Kota Prabumulih,PRABUMULIH BARAT,PASAR PRABUMULIH
173,P1674012101,Sumatera Selatan,Kota Lubuk Linggau,LUBUK LINGGAU BARAT II,SIDOREJO
174,P1674032201,Sumatera Selatan,Kota Lubuk Linggau,LUBUK LINGGAU TIMUR II,TABA
175,P1701044201,Bengkulu,Bengkulu Selatan,PASAR MANNA,PASAR MANNA
176,P1701050101,Bengkulu,Bengkulu Selatan,SEGINIM,SEGINIM
177,P1703060203,Bengkulu,Bengkulu Utara,ARGA MAKMUR,PERUMNAS
178,P1703072101,Bengkulu,Bengkulu Utara,GIRI MULYA,AIR BINTUNAN
179,P1703080201,Bengkulu,Bengkulu Utara,PADANG JAYA,AIR LAIS
180,P1703090102,Bengkulu,Bengkulu Utara,KETAHUN,D 6 KETAHUN
181,P1704060102,Bengkulu,Kaur,TANJUNG KEMUNING,TANJUNG KEMUNING
182,P1704070101,Bengkulu,Kaur,KAUR UTARA,PADANG GUCI
183,P1705030101,Bengkulu,Seluma,TALO,MASMAMBANG
184,P1705050202,Bengkulu,Seluma,SUKARAJA,CAHAYA NEGERI
185,P1706031101,Bengkulu,Muko-Muko,PENARIK,PENARIK
186,P1706041201,Bengkulu,Muko-Muko,AIR DIKIT,DUSUN BARU V KOTO
187,P1707020101,Bengkulu,Lebong,LEBONG SELATAN,TES
188,P1707021201,Bengkulu,Lebong,BINGIN KUNING,TALANG LEAK
189,P1707042101,Bengkulu,Lebong,PELABAI,TABA ATAS
190,P1708040202,Bengkulu,Kepahiang,TEBAT KARAI,NANTI AGUNG
191,P1708070201,Bengkulu,Kepahiang,UJAN MAS,UJAN MAS
192,P1708080201,Bengkulu,Kepahiang,MERIGI,DURIAN DEPUN
193,P1709010101,Bengkulu,Bengkulu Tengah,TALANG EMPAT,KEMBANG SERI
194,P1709010202,Bengkulu,Bengkulu Tengah,TALANG EMPAT,TABA LAGAN
195,P1709020202,Bengkulu,Bengkulu Tengah,KARANG TINGGI,UJUNG KARANG
196,P1771021201,Bengkulu,Kota Bengkulu,RATU AGUNG,KUALA LEMPUING
197,P1771021203,Bengkulu,Kota Bengkulu,RATU AGUNG,NUSA INDAH
198,P1771030201,Bengkulu,Kota Bengkulu,TELUK SEGARA,PASAR IKAN
199,P1771031201,Bengkulu,Kota Bengkulu,SUNGAI SERUT,SUKA MERINDU
200,P1801053201,Lampung,Lampung Barat,BATU BRAK,BATU BRAK
201,P1801061101,Lampung,Lampung Barat,WAY TENONG,FAJAR BULAN
202,P1802020201,Lampung,Tanggamus,KOTA AGUNG,KOTA AGUNG
203,P1802040101,Lampung,Tanggamus,TALANG PADANG,TALANG PADANG
204,P1802042101,Lampung,Tanggamus,GISTING,GISTING
205,P1803060105,Lampung,Lampung Selatan,NATAR,TANJUNG SARI NATAR
206,P1803070202,Lampung,Lampung Selatan,JATI AGUNG,KARANG ANYAR
207,P1803081201,Lampung,Lampung Selatan,TANJUNG SARI,TANJUNG SARI
208,P1803090102,Lampung,Lampung Selatan,KATIBUNG,KATIBUNG
209,P1803091201,Lampung,Lampung Selatan,MERBAU MATARAM,MERBAU MATARAM
210,P1803100101,Lampung,Lampung Selatan,SIDOMULYO,SIDOMULYO
211,P1803130101,Lampung,Lampung Selatan,PENENGAHAN,PENENGAHAN
212,P1804010101,Lampung,Lampung Timur,METRO KIBANG,MARGOTOTO
213,P1804020201,Lampung,Lampung Timur,BATANGHARI,BATANGHARI
214,P1804030101,Lampung,Lampung Timur,SEKAMPUNG,SEKAMPUNG
215,P1804050101,Lampung,Lampung Timur,SEKAMPUNG UDIK,PUGUNG RAHARJO
Laporan Akuntabilitas Kinerja Ditjen Pelayanan Kesehatan Tahun 2016,,,,,63

No,KODE PUSK.,PROVINSI,KABUPATEN/KOTA,KECAMATAN,PUSKESMAS,
216,P1804070101,Lampung,Lampung Timur,LABUHAN MARINGGAI,LABUHAN MARINGGAI,
217,P1804072101,Lampung,Lampung Timur,BANDAR SRIBAWONO,SRIBAWONO,
218,P1804080101,Lampung,Lampung Timur,WAY JEPARA,WAY JEPARA,
219,P1804100201,Lampung,Lampung Timur,PEKALONGAN,PEKALONGAN,
220,P1804110201,Lampung,Lampung Timur,RAMAN UTARA,RAMAN UTARA,
221,P1804120201,Lampung,Lampung Timur,PURBOLINGGO,PURBOLINGGO,
222,P1805020101,Lampung,Lampung Tengah,KALIREJO,KALIREJO,
223,P1806010101,Lampung,Lampung Utara,BUKIT KEMUNING,BUKIT KEMUNING,
224,P1806040201,Lampung,Lampung Utara,KOTABUMI,KOTA BUMI I,
225,P1806041201,Lampung,Lampung Utara,KOTABUMI UTARA,MADUKORA,
226,P1806042201,Lampung,Lampung Utara,KOTABUMI SELATAN,KOTA BUMI II,
227,P1806050201,Lampung,Lampung Utara,ABUNG SELATAN,KALIBALANGAN,
228,P1806080101,Lampung,Lampung Utara,SUNGKAI UTARA,NEGARA RATU,
229,P1807020101,Lampung,Way Kanan,BARADATU,BARADATU,
230,P1807031201,Lampung,Way Kanan,REBANG TANGKAS,REBANG TANGKAS,
231,P1807040101,Lampung,Way Kanan,BLAMBANGAN UMPU,BLAMBANGAN UMPU,
232,P1808030101,Lampung,Tulang Bawang,BANJAR AGUNG,TULANG BAWANG I,
233,P1808031101,Lampung,Tulang Bawang,BANJAR MARGO,PENAWAR JAYA,
234,P1809020203,Lampung,Pesawaran,TELUK PANDAN,HANURA,
235,P1809050101,Lampung,Pesawaran,GEDUNG TATAAN,GEDONG TATAAN,
236,P1809060201,Lampung,Pesawaran,NEGERI KATON,KALIREJO,
237,P1809060102,Lampung,Pesawaran,NEGERI KATON,ROWOREJO,
238,P1810031101,Lampung,Pring Sewu,PAGELARAN UTARA,FAJAR MULYA,
239,P1810030202,Lampung,Pring Sewu,PAGELARAN,BUMI RATU,
240,P1810040201,Lampung,Pring Sewu,PRINGSEWU,PRINGSEWU,
241,P1810070101,Lampung,Pring Sewu,BANYUMAS,BANYUMAS,
242,P1811010101,Lampung,Mesuji,WAY SERDANG,BUKOPOSO,
243,P1811020101,Lampung,Mesuji,SIMPANG PEMATANG,SIMPANG PEMATANG,
244,P1811040101,Lampung,Mesuji,TANJUNG RAYA,BRABASAN,
245,P1811040202,Lampung,Mesuji,TANJUNG RAYA,TRI KARYA MULYA,
246,P1812030202,Lampung,Tulang Bawang Barat,TULANG BAWANG TENGAH,MULYO ASRI,
247,P1812070201,Lampung,Tulang Bawang Barat,GUNUNG AGUNG,SUKAJAYA,
248,P1813090101,Lampung,Pesisir Barat,NGAMBUR,NGAMBUR,
249,P1813100101,Lampung,Pesisir Barat,BENGKUNAT,BENGKUNAT,
250,P1871021101,Lampung,Kota Bandar Lampung,BUMI WARAS,SUKARAJA,
251,P1871030101,Lampung,Kota Bandar Lampung,PANJANG,PANJANG,
252,P1871041101,Lampung,Kota Bandar Lampung,KEDAMAIAN,SATELIT,
253,P1871050202,Lampung,Kota Bandar Lampung,TELUK BETUNG UTARA,SUMUR BATU,
254,P1871060101,Lampung,Kota Bandar Lampung,TANJUNG KARANG PUSAT,SIMPUR,
255,P1871070101,Lampung,Kota Bandar Lampung,TANJUNG KARANG BARAT,GEDONG AIR,
256,P1871070202,Lampung,Kota Bandar Lampung,TANJUNG KARANG BARAT,SUSUNAN BARU,
257,P1871072201,Lampung,Kota Bandar Lampung,LANGKAPURA,SEGALA MIDER,
258,P1871080102,Lampung,Kota Bandar Lampung,KEDATON,KEDATON,
259,P1871081201,Lampung,Kota Bandar Lampung,RAJABASA,RAJABASA INDAH,
260,P1871082101,Lampung,Kota Bandar Lampung,TANJUNG SENANG,WAY KANDIS,
261,P1871090201,Lampung,Kota Bandar Lampung,SUKARAME,SUKARAME,
262,P1872011101,Lampung,Kota Metro,METRO SELATAN,SUMBER SARI,BANTUL
263,P1872022201,Lampung,Kota Metro,METRO PUSAT,YOSOMULYO,
264,P1901070201,Bangka Belitung,Bangka,MENDO BARAT,PETALING,
265,P1901080201,Bangka Belitung,Bangka,MERAWANG,BATU RUSA,
266,P1901090202,Bangka Belitung,Bangka,SUNGAI LIAT,KENANGA,
267,P1901092101,Bangka Belitung,Bangka,BAKAM,BAKAM,
268,P1902010101,Bangka Belitung,Belitung,MEMBALONG,MEMBALONG,
269,P1902060201,Bangka Belitung,Belitung,TANJUNG PANDAN,TANJUNG PANDAN,
270,P1903010101,Bangka Belitung,Bangka Barat,KELAPA,KELAPA,
271,P1903050203,Bangka Belitung,Bangka Barat,JEBUS,SEKAR BIRU,
272,P1904010201,Bangka Belitung,Bangka Tengah,KOBA,KOBA,
273,P1904030101,Bangka Belitung,Bangka Tengah,SUNGAI SELAN,SUNGAI SELAN,
274,P1906030201,Bangka Belitung,Belitung Timur,MANGGAR,MANGGAR,
275,P1971020101,Bangka Belitung,Kota Pangkal Pinang,BUKIT INTAN,AIR ITAM,
276,P1971030201,Bangka Belitung,Kota Pangkal Pinang,PANGKAL BALAM,PANGKAL BALAM,
277,P2102061101,Kepulauan Riau,Bintan,GUNUNG KIJANG,KAWAL,
278,P2103050101,Kepulauan Riau,Natuna,BUNGURAN TIMUR,RANAI,
279,P2103052201,Kepulauan Riau,Natuna,BUNGURAN TENGAH,BUNGURAN TENGAH,
280,P2172020201,Kepulauan Riau,Kota Tanjung Pinang,TANJUNGPINANG TIMUR,BATU 10,
281,P2172040101,Kepulauan Riau,Kota Tanjung Pinang,TANJUNGPINANG BARAT,TANJUNG PINANG,
282,P3171020101,DKI Jakarta,Jakarta Selatan,PASAR MINGGU,KEC. PASAR MINGGU,
283,P3171030201,DKI Jakarta,Jakarta Selatan,CILANDAK,KEC. CILANDAK,
284,P3171100101,DKI Jakarta,Jakarta Selatan,SETIA BUDI,KEC. SETIA BUDI,
285,P3172010101,DKI Jakarta,Jakarta Timur,PASAR REBO,KEC. PASAR REBO,
286,P3172080101,DKI Jakarta,Jakarta Timur,CAKUNG,KEC. CAKUNG,
287,P3173020201,DKI Jakarta,Jakarta Pusat,MENTENG,KEC. MENTENG,
288,P3173030201,DKI Jakarta,Jakarta Pusat,SENEN,KEC. SENEN,
289,P3173080201,DKI Jakarta,Jakarta Pusat,GAMBIR,KEC. GAMBIR,
290,P3174020101,DKI Jakarta,Jakarta Barat,KEBON JERUK,KEC. KEBON JERUK,
Laporan Akuntabilitas Kinerja Ditjen Pelayanan Kesehatan Tahun 2016,,,,,64,

No,KODE PUSK.,PROVINSI,KABUPATEN/KOTA,KECAMATAN,PUSKESMAS
291,P3174050101,DKI Jakarta,Jakarta Barat,TAMBORA,KEC. TAMBORA
292,P3175010101,DKI Jakarta,Jakarta Utara,PENJARINGAN,KEC. PENJARINGAN
293,P3175050101,DKI Jakarta,Jakarta Utara,KELAPA GADING,KEC. KELAPA GADING (PKC BARU)
294,P3175060101,DKI Jakarta,Jakarta Utara,CILINCING,KEC. CILINCING
295,P3201020101,Jawa Barat,Bogor,LEUWILIANG,LEUWILIANG
296,P3201071202,Jawa Barat,Bogor,TAMANSARI,SIRNA GALIH
297,P3201081101,Jawa Barat,Bogor,CIGOMBONG,CIGOMBONG
298,P3201100201,Jawa Barat,Bogor,CIAWI,CIAWI
299,P3201170101,Jawa Barat,Bogor,JONGGOL,JONGGOL
300,P3201200101,Jawa Barat,Bogor,CITEUREUP,CITEUREUP
301,P3201220201,Jawa Barat,Bogor,BOJONG GEDE,BOJONG GEDE
302,P3201280101,Jawa Barat,Bogor,JASINGA,JASINGA
303,P3202270201,Jawa Barat,Sukabumi,KALAPA NUNGGAL,KELAPA NUNGGAL
304,P3203150201,Jawa Barat,Cianjur,SUKALUYU,SUKALUYU
305,P3203190201,Jawa Barat,Cianjur,KARANGTENGAH,KARANG TENGAH
306,P3204090201,Jawa Barat,Bandung,CIKANCUNG,CIKANCUNG
307,P3204160202,Jawa Barat,Bandung,BANJARAN,BANJARAN
308,P3204190201,Jawa Barat,Bandung,SOREANG,SOREANG
309,P3204270201,Jawa Barat,Bandung,DAYEUHKOLOT,DAYEUH KOLOT
310,P3204300201,Jawa Barat,Bandung,CILENGKRANG,CILENGKRANG
311,P3205010101,Jawa Barat,Garut,CISEWU,CISEWU DTP
312,P3205070101,Jawa Barat,Garut,PAMEUNGPEUK,PEMEUNGPEUK DTP
313,P3205100201,Jawa Barat,Garut,PEUNDEUY,PEUNDEUY
314,P3205140101,Jawa Barat,Garut,CILAWU,CILAWU DTP
315,P3205160101,Jawa Barat,Garut,CISURUPAN,CISURUPAN DTP
316,P3205182201,Jawa Barat,Garut,TAROGONG KALER,CIPANAS
317,P3205190201,Jawa Barat,Garut,GARUT KOTA,SILIWANGI
318,P3205260101,Jawa Barat,Garut,CIBATU,CIBATU DTP
319,P3205280202,Jawa Barat,Garut,KADUNGORA,KADUNGORA
320,P3207250101,Jawa Barat,Ciamis,CIPAKU,CIPAKU
321,P3207280101,Jawa Barat,Ciamis,KAWALI,KAWALI
322,P3209040201,Jawa Barat,Cirebon,BABAKAN,BABAKAN
323,P3209041201,Jawa Barat,Cirebon,GEBANG,GEBANG
324,P3209100101,Jawa Barat,Cirebon,BEBER,BEBER
325,P3209120201,Jawa Barat,Cirebon,SUMBER,SUMBER
326,P3209120202,Jawa Barat,Cirebon,SUMBER,WATU BELAH
327,P3209130101,Jawa Barat,Cirebon,PALIMANAN,PALIMANAN
328,P3209150201,Jawa Barat,Cirebon,WERU,KARANGSARI
329,P3209162201,Jawa Barat,Cirebon,KEDAWUNG,KEDAWUNG
330,P3209190201,Jawa Barat,Cirebon,KLANGENAN,KLANGENAN
331,P3210040101,Jawa Barat,Majalengka,TALAGA,TALAGA
332,P3210080201,Jawa Barat,Majalengka,CIGASONG,CIGASONG
333,P3210090201,Jawa Barat,Majalengka,SUKAHAJI,SUKAHAJI
334,P3210210101,Jawa Barat,Majalengka,SUMBERJAYA,SUMBERJAYA
335,P3211060201,Jawa Barat,Sumedang,SUMEDANG UTARA,KOTA KALER
336,P3211070201,Jawa Barat,Sumedang,SITURAJA,SITURAJA
337,P3211130201,Jawa Barat,Sumedang,UJUNG JAYA,UJUNGJAYA
338,P3211160201,Jawa Barat,Sumedang,CIMALAKA,CIMALAKA
339,P3211180201,Jawa Barat,Sumedang,BUAHDUA,BUAH DUA
340,P3214030201,Jawa Barat,Purwakarta,PLERED,PLERED
341,P3214040201,Jawa Barat,Purwakarta,SUKATANI,SUKATANI
342,P3214091201,Jawa Barat,Purwakarta,PURWAKARTA,MUNJUL JAYA
343,P3214100201,Jawa Barat,Purwakarta,PURWAKARTA,PURWAKARTA
344,P3214112201,Jawa Barat,Purwakarta,BUNGURSARI,BUNGURSARI
345,P3215040101,Jawa Barat,Karawang,KLARI,KLARI
346,P3215050101,Jawa Barat,Karawang,CIKAMPEK,CIKAMPEK
347,P3215081101,Jawa Barat,Karawang,CILAMAYA WETAN,CILAMAYA
348,P3215150101,Jawa Barat,Karawang,RENGASDENGKLOK,RENGASDENGKLOK
349,P3217110201,Jawa Barat,Bandung Barat,PARONGPONG,PARONGPONG
350,P3217120103,Jawa Barat,Bandung Barat,LEMBANG,JAYAGIRI
351,P3217120201,Jawa Barat,Bandung Barat,LEMBANG,LEMBANG
352,P3218030201,Jawa Barat,Pangandaran,CIGUGUR,CIGUGUR
353,P3218090101,Jawa Barat,Pangandaran,PADAHERANG,PADAHERANG
354,P3271010204,Jawa Barat,Kota Bogor,BOGOR SELATAN,BONDONGAN
355,P3271030202,Jawa Barat,Kota Bogor,BOGOR UTARA,BOGOR UTARA
356,P3271050203,Jawa Barat,Kota Bogor,BOGOR BARAT,PANCASAN
357,P3271060101,Jawa Barat,Kota Bogor,TANAH SEREAL,TANAH SAREAL
358,P3272010201,Jawa Barat,Kota Sukabumi,BAROS,BAROS
359,P3272011202,Jawa Barat,Kota Sukabumi,LEMBURSITU,CIKUNDUL
360,P3272030201,Jawa Barat,Kota Sukabumi,WARUDOYONG,BENTENG
361,P3272040201,Jawa Barat,Kota Sukabumi,GUNUNG PUYUH,CIPELANG
362,P3272050202,Jawa Barat,Kota Sukabumi,CIKOLE,SUKABUMI
363,P3273160203,Jawa Barat,Kota Bandung,BATUNUNGGAL,UPT IBRAHIM ADJIE
364,P3273210201,Jawa Barat,Kota Bandung,CIBEUNYING KIDUL,UPT PADASUKA
365,P3273250202,Jawa Barat,Kota Bandung,SUKASARI,UPT SUKA RASA
Laporan Akuntabilitas Kinerja Ditjen Pelayanan Kesehatan Tahun 2016,,,,,65

No,KODE PUSK.,PROVINSI,KABUPATEN/KOTA,KECAMATAN,,PUSKESMAS,
366,P3274010201,Jawa Barat,Kota Cirebon,HARJAMUKTI,KALITANJUNG,,
367,P3274030201,Jawa Barat,Kota Cirebon,PEKALIPAN,JAGASATRU,,
368,P3275010101,Jawa Barat,Kota Bekasi,PONDOKGEDE,PONDOK GEDE,,
369,P3275040203,Jawa Barat,Kota Bekasi,BEKASI TIMUR,KARANG KITRI,,
370,P3276020204,Jawa Barat,Kota Depok,PANCORAN MAS,CIPAYUNG,,
371,P3276040101,Jawa Barat,Kota Depok,CIMANGGIS,CIMANGGIS,,
372,P3277010201,Jawa Barat,Kota Cimahi,CIMAHI SELATAN,CIMAHI SELATAN,,
373,P3277020201,Jawa Barat,Kota Cimahi,CIMAHI TENGAH,CIMAHI TENGAH,,
374,P3277030202,Jawa Barat,Kota Cimahi,CIMAHI UTARA,CIPAGERAN,,
375,P3301010202,Jawa Tengah,Cilacap,DAYEUHLUHUR,DAYEUH LUHUR,,II
376,P3301020202,Jawa Tengah,Cilacap,WANAREJA,WANAREJA II,,
377,P3301030201,Jawa Tengah,Cilacap,MAJENANG,MAJENANG I,,
378,P3301060101,Jawa Tengah,Cilacap,CIPARI,CIPARI,,
379,P3301100101,Jawa Tengah,Cilacap,GANDRUNGMANGU,GANDRUNG MANGU I,,
380,P3301140202,Jawa Tengah,Cilacap,KESUGIHAN,KESUGIHAN II,,
381,P3301170101,Jawa Tengah,Cilacap,SAMPANG,SAMPANG,,
382,P3301180101,Jawa Tengah,Cilacap,KROYA,KROYA I,,
383,P3302020101,Jawa Tengah,Banyumas,WANGON,WANGON I,,
384,P3302020102,Jawa Tengah,Banyumas,WANGON,WANGON II,,
385,P3302030101,Jawa Tengah,Banyumas,JATILAWANG,JATILAWANG,,
386,P3302040101,Jawa Tengah,Banyumas,RAWALO,RAWALO,,
387,P3302060102,Jawa Tengah,Banyumas,KEMRANJEN,KEMRANJEN II,,
388,P3302070101,Jawa Tengah,Banyumas,SUMPIUH,SUMPIUH I,,
389,P3302070202,Jawa Tengah,Banyumas,SUMPIUH,SUMPIUH II,,
390,P3302080101,Jawa Tengah,Banyumas,TAMBAK,TAMBAK I,,
391,P3302080202,Jawa Tengah,Banyumas,TAMBAK,TAMBAK II,,
392,P3302090201,Jawa Tengah,Banyumas,SOMAGEDE,SOMAGEDE,,
393,P3302100201,Jawa Tengah,Banyumas,KALIBAGOR,KALIBAGOR,,
394,P3302110201,Jawa Tengah,Banyumas,BANYUMAS,BANYUMAS,,
395,P3302120201,Jawa Tengah,Banyumas,PATIKRAJA,PATIK RAJA,,
396,P3302150101,Jawa Tengah,Banyumas,GUMELAR,GUMELAR,,
397,P3302160101,Jawa Tengah,Banyumas,PEKUNCEN,PEKUNCEN,,
398,P3302170101,Jawa Tengah,Banyumas,CILONGOK,CILONGOK I,,
399,P3302170202,Jawa Tengah,Banyumas,CILONGOK,CILONGOK II,,
400,P3302180201,Jawa Tengah,Banyumas,KARANGLEWAS,KARANG LEWAS,,
401,P3302190201,Jawa Tengah,Banyumas,KEDUNG BANTENG,KEDUNG BANTENG,,
402,P3302200201,Jawa Tengah,Banyumas,BATURRADEN,BATURADEN I,,
403,P3302200202,Jawa Tengah,Banyumas,BATURRADEN,BATURADEN II,,
404,P3302210201,Jawa Tengah,Banyumas,SUMBANG,SUMBANG I,,
405,P3302220201,Jawa Tengah,Banyumas,KEMBARAN,KEMBARAN I,,
406,P3302230202,Jawa Tengah,Banyumas,SOKARAJA,SOKARAJA II,,
407,P3302710201,Jawa Tengah,Banyumas,PURWOKERTO SELATAN,PURWOKERTO SELATAN,,
408,P3302720201,Jawa Tengah,Banyumas,PURWOKERTO BARAT,PURWOKERTO BARAT,,
409,P3302730201,Jawa Tengah,Banyumas,PURWOKERTO TIMUR,PURWOKERTO TIMUR I,,
410,P3302730202,Jawa Tengah,Banyumas,PURWOKERTO TIMUR,PURWOKERTO TIMUR II,,
411,P3302740202,Jawa Tengah,Banyumas,PURWOKERTO UTARA,PURWOKERTO UTARA II,,
412,P3303090201,Jawa Tengah,Purbalingga,KUTASARI,KUTASARI,,
413,P3303110102,Jawa Tengah,Purbalingga,MREBET,SERAYU LARANGAN,,
414,P3303140101,Jawa Tengah,Purbalingga,KARANGANYAR,KARANGANYAR,,
415,P3303141201,Jawa Tengah,Purbalingga,KERTANEGARA,KARANG TENGAH,,
416,P3304020101,Jawa Tengah,Banjarnegara,PURWAREJA KLAMPOK,KLAMPOK I,,
417,P3304030101,Jawa Tengah,Banjarnegara,MANDIRAJA,MANDIRAJA I,,
418,P3304040101,Jawa Tengah,Banjarnegara,PURWANEGARA,PURWANEGARA I,,
419,P3304070101,Jawa Tengah,Banjarnegara,SIGALUH,SIGALUH I,,
420,P3304090101,Jawa Tengah,Banjarnegara,BANJARMANGU,BANJARMANGU I,,
421,P3304100101,Jawa Tengah,Banjarnegara,WANADADI,WANADADI I,,
422,P3304120101,Jawa Tengah,Banjarnegara,PUNGGELAN,PUNGGELAN- I,,
423,P3304120202,Jawa Tengah,Banjarnegara,PUNGGELAN,PUNGGELAN-II,,
424,P3304130101,Jawa Tengah,Banjarnegara,KARANGKOBAR,KARANGKOBAR 1,,
425,P3304170202,Jawa Tengah,Banjarnegara,WANAYASA,WANAYASA II,,
426,P3305040101,Jawa Tengah,Kebumen,PETANAHAN,PETANAHAN,,
427,P3305070101,Jawa Tengah,Kebumen,AMBAL,AMBAL I,,
428,P3305080101,Jawa Tengah,Kebumen,MIRIT,MIRIT,,
429,P3305110101,Jawa Tengah,Kebumen,ALIAN,ALIAN,,
430,P3305120201,Jawa Tengah,Kebumen,KEBUMEN,KEBUMEN,I,
431,P3305120202,Jawa Tengah,Kebumen,KEBUMEN,KEBUMEN,II,
432,P3305120203,Jawa Tengah,Kebumen,KEBUMEN,KEBUMEN,III,
433,P3305170201,Jawa Tengah,Kebumen,ROWOKELE,ROWOKELE,,
434,P3305190101,Jawa Tengah,Kebumen,GOMBONG,GOMBONG I,,
435,P3305190202,Jawa Tengah,Kebumen,GOMBONG,GOMBONG II,,
436,P3305200101,Jawa Tengah,Kebumen,KARANGANYAR,KARANGANYAR,,
437,P3306030101,Jawa Tengah,Purworejo,PURWODADI,BRAGOLAN,,
438,P3306060202,Jawa Tengah,Purworejo,PURWOREJO,MRANTI,,
439,P3306080201,Jawa Tengah,Purworejo,BAYAN,BAYAN,,
440,P3306110101,Jawa Tengah,Purworejo,PITURUH,PITURUH,,
Laporan Akuntabilitas Kinerja Ditjen Pelayanan Kesehatan Tahun 2016,,,,,,66,

No,KODE PUSK.,PROVINSI,KABUPATEN/KOTA,KECAMATAN,,,PUSKESMAS,,,
441,P3306120201,Jawa Tengah,Purworejo,KEMIRI,KEMIRI,,,,,
442,P3307020101,Jawa Tengah,Wonosobo,KEPIL,KEPIL I,,,,,
443,P3307030101,Jawa Tengah,Wonosobo,SAPURAN,SAPURAN,,,,,
444,P3307040101,Jawa Tengah,Wonosobo,KALIWIRO,KALIWIRO,,,,,
445,P3307060101,Jawa Tengah,Wonosobo,SELOMERTO,SELOMERTO,,,,,
446,P3307090201,Jawa Tengah,Wonosobo,WONOSOBO,WONOSOBO I,,,,,
447,P3307100201,Jawa Tengah,Wonosobo,WATUMALANG,WATUMALANG,,,,,
448,P3307110201,Jawa Tengah,Wonosobo,MOJOTENGAH,MOJOTENGAH,,,,,
449,P3307120201,Jawa Tengah,Wonosobo,GARUNG,G A R U N G,,,,,
450,P3308030201,Jawa Tengah,Magelang,NGLUWAR,NGLUWAR,,,,,
451,P3308080201,Jawa Tengah,Magelang,MUNGKID,MUNGKID,,,,,
452,P3308110201,Jawa Tengah,Magelang,MERTOYUDAN,MERTOYUDAN I,,,,,
453,P3308110203,Jawa Tengah,Magelang,MERTOYUDAN,KOTA MUNGKID,,,,,
454,P3309010101,Jawa Tengah,Boyolali,SELO,SELO,,,,,
455,P3309020101,Jawa Tengah,Boyolali,AMPEL,AMPEL I,,,,,
456,P3309090202,Jawa Tengah,Boyolali,BANYUDONO,BANYUDONO II,,,,,
457,P3309120101,Jawa Tengah,Boyolali,NOGOSARI,NOGOSARI,,,,,
458,P3309130201,Jawa Tengah,Boyolali,SIMO,SIMO,,,,,
459,P3309150101,Jawa Tengah,Boyolali,KLEGO,KLEGO I,,,,,
460,P3309160101,Jawa Tengah,Boyolali,ANDONG,ANDONG,,,,,
461,P3310020101,Jawa Tengah,Klaten,GANTIWARNO,GANTIWARNO,,,,,
462,P3310080201,Jawa Tengah,Klaten,KEBONARUM,KEBONARUM,,,,,
463,P3310100101,Jawa Tengah,Klaten,MANISRENGGO,MANISRENGGO,,,,,
464,P3310120201,Jawa Tengah,Klaten,NGAWEN,NGAWEN,,,,,
465,P3310150101,Jawa Tengah,Klaten,KARANGDOWO,KARANGDOWO,,,,,
466,P3310710201,Jawa Tengah,Klaten,KLATEN SELATAN,KLATEN SELATAN,,,,,
467,P3310730201,Jawa Tengah,Klaten,KLATEN UTARA,KLATEN UTARA,,,,,
468,P3311010101,Jawa Tengah,Sukoharjo,WERU,WERU,,,,,
469,P3311040201,Jawa Tengah,Sukoharjo,SUKOHARJO,SUKOHARJO,,,,,
470,P3311060201,Jawa Tengah,Sukoharjo,BENDOSARI,BENDOSARI,,,,,
471,P3311090101,Jawa Tengah,Sukoharjo,GROGOL,GROGOL,,,,,
472,P3311100101,Jawa Tengah,Sukoharjo,BAKI,BAKI,,,,,
473,P3311120101,Jawa Tengah,Sukoharjo,KARTASURA,KARTASURA,,,,,
474,P3312030201,Jawa Tengah,Wonogiri,GIRITONTRO,GIRITONTRO,,,,,
475,P3312090101,Jawa Tengah,Wonogiri,BATURETNO,BATURETNO,,,,I,
476,P3312100201,Jawa Tengah,Wonogiri,EROMOKO,EROMOKO,,I,,,
477,P3312130201,Jawa Tengah,Wonogiri,SELOGIRI,SELOGIRI,,,,,
478,P3312140201,Jawa Tengah,Wonogiri,WONOGIRI,WONOGIRI,,,I,,
479,P3312140202,Jawa Tengah,Wonogiri,WONOGIRI,WONOGIRI,,,II,,
480,P3312170201,Jawa Tengah,Wonogiri,JATIROTO,JATIROTO,,,,,
481,P3312190101,Jawa Tengah,Wonogiri,PURWANTORO,PURWANTORO,,,,,I
482,P3312220101,Jawa Tengah,Wonogiri,JATISRONO,JATISRONO,,,I,,
483,P3313120101,Jawa Tengah,Karanganyar,COLOMADU,COLOMADU,,,I,,
484,P3313130101,Jawa Tengah,Karanganyar,GONDANGREJO,GONDANGREJO,,,,,
485,P3313150201,Jawa Tengah,Karanganyar,MOJOGEDANG,MOJOGEDANG,,,,,I
486,P3313170101,Jawa Tengah,Karanganyar,JENAWI,JENAWI,,,,,
487,P3314030101,Jawa Tengah,Sragen,MASARAN,MASARAN,II,,,,
488,P3314030202,Jawa Tengah,Sragen,MASARAN,MASARAN,I,,,,
489,P3314040102,Jawa Tengah,Sragen,KEDAWUNG,KEDAWUNG,,,II,,
490,P3314050101,Jawa Tengah,Sragen,SAMBIREJO,SAMBIREJO,,,,,
491,P3314070202,Jawa Tengah,Sragen,SAMBUNG MACAN,SEMBUNG MACAN II,,,,,
492,P3314090201,Jawa Tengah,Sragen,KARANGMALANG,KARANG MALANG,,,,,
493,P3314100201,Jawa Tengah,Sragen,SRAGEN,SRAGEN,,,,,
494,P3314150101,Jawa Tengah,Sragen,SUMBERLAWANG,SUMBERLAWANG,,,,,
495,P3315010101,Jawa Tengah,Grobogan,KEDUNGJATI,KEDUNGJATI,,,,,
496,P3315030201,Jawa Tengah,Grobogan,PENAWANGAN,PENAWANGAN,,,,,I
497,P3315050101,Jawa Tengah,Grobogan,GEYER,GEYER I,,,,,
498,P3315080101,Jawa Tengah,Grobogan,GABUS,GABUS I,,,,,
499,P3315120101,Jawa Tengah,Grobogan,GROBOGAN,GROBOGAN,,,,,
500,P3315130201,Jawa Tengah,Grobogan,PURWODADI,PURWODADI,,,,I,
501,P3315140201,Jawa Tengah,Grobogan,BRATI,BRATI,,,,,
502,P3315150101,Jawa Tengah,Grobogan,KLAMBU,KLAMBU,,,,,
503,P3315160101,Jawa Tengah,Grobogan,GODONG,GODONG,I,,,,
504,P3315160202,Jawa Tengah,Grobogan,GODONG,GODONG,II,,,,
505,P3315170101,Jawa Tengah,Grobogan,GUBUG,GUBUG I,,,,,
506,P3315170202,Jawa Tengah,Grobogan,GUBUG,GUBUG II,,,,,
507,P3315180201,Jawa Tengah,Grobogan,TEGOWANU,TEGOWANU,,,,,
508,P3316040201,Jawa Tengah,Blora,KEDUNGTUBAN,KEDUNG TUBAN,,,,,
509,P3316050201,Jawa Tengah,Blora,CEPU,CEPU,,,,,
510,P3316070101,Jawa Tengah,Blora,JIKEN,JIKEN,,,,,
511,P3316100201,Jawa Tengah,Blora,KOTA BLORA,BLORA,,,,,
512,P3317070101,Jawa Tengah,Rembang,PAMOTAN,PAMOTAN,,,,,
513,P3317100201,Jawa Tengah,Rembang,REMBANG,REMBANG I,,,,,
514,P3317120101,Jawa Tengah,Rembang,KRAGAN,KRAGAN I,,,,,
515,P3317120102,Jawa Tengah,Rembang,KRAGAN,KRAGAN II,,,,,
Laporan Akuntabilitas Kinerja Ditjen Pelayanan Kesehatan Tahun 2016,,,,,,67,,,,

No,KODE PUSK.,PROVINSI,KABUPATEN/KOTA,KECAMATAN,,,PUSKESMAS,
516,P3317130101,Jawa Tengah,Rembang,SLUKE,SLUKE,,,
517,P3317140101,Jawa Tengah,Rembang,LASEM,LASEM,,,
518,P3318040201,Jawa Tengah,Pati,WINONG,WINONG I,,,
519,P3318080101,Jawa Tengah,Pati,JUWANA,JUWANA,,,
520,P3318100201,Jawa Tengah,Pati,PATI,PATI I,,,
521,P3318120201,Jawa Tengah,Pati,MARGOREJO,MARGOREJO,,,
522,P3318130201,Jawa Tengah,Pati,GEMBONG,GEMBONG,,,
523,P3318150201,Jawa Tengah,Pati,WEDARIJAKSA,WEDARIJAKSA,,,I
524,P3318190201,Jawa Tengah,Pati,CLUWAK,CLUWAK,,,
525,P3318210201,Jawa Tengah,Pati,DUKUHSETI,DUKUHSETI,,,
526,P3319010202,Jawa Tengah,Kudus,KALIWUNGU,SIDOREKSO,,,
527,P3319050202,Jawa Tengah,Kudus,MEJOBO,JEPANG,,,
528,P3319060101,Jawa Tengah,Kudus,JEKULO,JEKULO,,,
529,P3319080101,Jawa Tengah,Kudus,GEBOG,GRIBIG,,,
530,P3319090102,Jawa Tengah,Kudus,DAWE,REJOSARI,,,
531,P3320010202,Jawa Tengah,Jepara,KEDUNG,KEDUNG,II,,
532,P3320021101,Jawa Tengah,Jepara,KALINYAMATAN,KALINYAMATAN,,,
533,P3320040202,Jawa Tengah,Jepara,MAYONG,MAYONG,II,,
534,P3320070201,Jawa Tengah,Jepara,TAHUNAN,TAHUNAN,,,
535,P3320080201,Jawa Tengah,Jepara,JEPARA,JEPARA,,,
536,P3320090101,Jawa Tengah,Jepara,MLONGGO,MLONGGO,,,
537,P3320100101,Jawa Tengah,Jepara,BANGSRI,BANGSRI,I,,
538,P3320110101,Jawa Tengah,Jepara,KELING,KELING I,,,
539,P3320110202,Jawa Tengah,Jepara,KELING,KELING II,,,
540,P3321020101,Jawa Tengah,Demak,KARANGAWEN,KARANGAWEN I,,,
541,P3321040201,Jawa Tengah,Demak,SAYUNG,SAYUNG I,,,
542,P3321050201,Jawa Tengah,Demak,KARANG TENGAH,KARANG TENGAH,,,
543,P3321090101,Jawa Tengah,Demak,DEMPET,DEMPET,,,
544,P3321091101,Jawa Tengah,Demak,KEBONAGUNG,KEBONAGUNG,,,
545,P3321110101,Jawa Tengah,Demak,KARANGANYAR,KARANGANYAR I,,,
546,P3321120101,Jawa Tengah,Demak,MIJEN,MIJEN I,,,
547,P3322020101,Jawa Tengah,Semarang,TENGARAN,TENGARAN,,,
548,P3322030101,Jawa Tengah,Semarang,SUSUKAN,SUSUKAN,,,
549,P3322040101,Jawa Tengah,Semarang,SURUH,SURUH,,,
550,P3322090101,Jawa Tengah,Semarang,SUMOWONO,SUMOWONO,,,
551,P3322151201,Jawa Tengah,Semarang,UNGARAN BARAT,LEREP,,,
552,P3322152101,Jawa Tengah,Semarang,UNGARAN BARAT,UNGARAN,,,
553,P3323010202,Jawa Tengah,Temanggung,PARAKAN,TRAJI,,,
554,P3323020201,Jawa Tengah,Temanggung,BULU,BULU,,,
555,P3323030202,Jawa Tengah,Temanggung,TEMANGGUNG,DHARMARINI,,,
556,P3323031201,Jawa Tengah,Temanggung,TLOGOMULYO,TLOGOMULYO,,,
557,P3323041201,Jawa Tengah,Temanggung,SELOPAMPANG,SELOPAMPANG,,,
558,P3323050201,Jawa Tengah,Temanggung,KRANGGAN,KRANGGAN,,,
559,P3323050202,Jawa Tengah,Temanggung,KRANGGAN,PARE,,,
560,P3323070201,Jawa Tengah,Temanggung,KALORAN,KALORAN,,,
561,P3323070202,Jawa Tengah,Temanggung,KALORAN,TEPUSEN,,,
562,P3323110201,Jawa Tengah,Temanggung,JUMO,JUMO,,,
563,P3323111201,Jawa Tengah,Temanggung,GEMAWANG,GEMAWANG,,,
564,P3323120201,Jawa Tengah,Temanggung,CANDIROTO,CANDIROTO,,,
565,P3323121101,Jawa Tengah,Temanggung,BEJEN,BEJEN,,,
566,P3323131201,Jawa Tengah,Temanggung,WONOBOYO,WONOBOYO,,,
567,P3324020101,Jawa Tengah,Kendal,SUKOREJO,SUKOREJO I,,,
568,P3324040101,Jawa Tengah,Kendal,PATEAN,PATEAN,,,
569,P3324050201,Jawa Tengah,Kendal,SINGOROJO,SINGOROJO,,I,
570,P3324060101,Jawa Tengah,Kendal,LIMBANGAN,LIMBANGAN,,,
571,P3324070101,Jawa Tengah,Kendal,BOJA,BOJA I,,,
572,P3324080101,Jawa Tengah,Kendal,KALIWUNGU,KALIWUNGU,,,
573,P3324100101,Jawa Tengah,Kendal,PEGANDON,PEGANDON,,,
574,P3324110201,Jawa Tengah,Kendal,GEMUH,GEMUH I,,,
575,P3324150101,Jawa Tengah,Kendal,CEPIRING,CEPIRING,,,
576,P3324160201,Jawa Tengah,Kendal,PATEBON,PATEBON I,,,
577,P3324170101,Jawa Tengah,Kendal,KOTA KENDAL,KENDAL I,,,
578,P3324170202,Jawa Tengah,Kendal,KOTA KENDAL,KENDAL II,,,
579,P3325020101,Jawa Tengah,Batang,BANDAR,BANDAR,I,,
580,P3325030201,Jawa Tengah,Batang,BLADO,BLADO I,,,
581,P3325050101,Jawa Tengah,Batang,BAWANG,BAWANG,,,
582,P3325070202,Jawa Tengah,Batang,GRINGSING,GRINGSING,,II,
583,P3325081201,Jawa Tengah,Batang,BANYUPUTIH,BANYUPUTIH,,,
584,P3325090101,Jawa Tengah,Batang,SUBAH,SUBAH,,,
585,P3325101201,Jawa Tengah,Batang,KANDEMAN,KANDEMAN,,,
586,P3325110201,Jawa Tengah,Batang,BATANG,BATANG,I,,
587,P3325110202,Jawa Tengah,Batang,BATANG,BATANG,II,,
588,P3326101201,Jawa Tengah,Pekalongan,SIWALAN,SIWALAN,,,
589,P3326110201,Jawa Tengah,Pekalongan,BOJONG,BOJONG I,,,
590,P3326150201,Jawa Tengah,Pekalongan,TIRTO,TIRTO I,,,
Laporan Akuntabilitas Kinerja Ditjen Pelayanan Kesehatan Tahun 2016,,,,,,68,,

No,KODE PUSK.,PROVINSI,KABUPATEN/KOTA,KECAMATAN,PUSKESMAS,
591,P3326160201,Jawa Tengah,Pekalongan,WIRADESA,WIRADESA,
592,P3327011201,Jawa Tengah,Pemalang,WARUNGPRING,WARUNGPRING,
593,P3327080202,Jawa Tengah,Pemalang,PEMALANG,MULYOHARJO,
594,P3328010102,Jawa Tengah,Tegal,MARGASARI,KESAMBI,
595,P3328020101,Jawa Tengah,Tegal,BUMIJAWA,BUMIJAWA,
596,P3328030202,Jawa Tengah,Tegal,BOJONG,DANASARI,
597,P3328040202,Jawa Tengah,Tegal,BALAPULANG,KALIBAKUNG,
598,P3328070101,Jawa Tengah,Tegal,JATINEGARA,JATINEGARA,
599,P3328090201,Jawa Tengah,Tegal,PANGKAH,PANGKAH,
600,P3328090202,Jawa Tengah,Tegal,PANGKAH,PENUSUPAN,
601,P3328100201,Jawa Tengah,Tegal,SLAWI,SLAWI,
602,P3328110201,Jawa Tengah,Tegal,DUKUHWARU,DUKUHWARU,
603,P3328120201,Jawa Tengah,Tegal,ADIWERNA,ADIWERNA,
604,P3328130201,Jawa Tengah,Tegal,DUKUHTURI,DUKUHTURI,
605,P3328140201,Jawa Tengah,Tegal,TALANG,TALANG,
606,P3328150202,Jawa Tengah,Tegal,TARUB,KESAMIRAN,
607,P3328160202,Jawa Tengah,Tegal,KRAMAT,BANGUN GALIH,
608,P3371010201,Jawa Tengah,Kota Magelang,MAGELANG SELATAN,MAGELANG SELATAN,
609,P3371010202,Jawa Tengah,Kota Magelang,MAGELANG SELATAN,JURANG OMBO,
610,P3371011202,Jawa Tengah,Kota Magelang,MAGELANG TENGAH,KERKOPAN,
611,P3371020201,Jawa Tengah,Kota Magelang,MAGELANG UTARA,MAGELANG UTARA,
612,P3372010101,Jawa Tengah,Kota Surakarta,LAWEYAN,PAJANG,
613,P3372020201,Jawa Tengah,Kota Surakarta,SERENGAN,KRATONAN,
614,P3372020202,Jawa Tengah,Kota Surakarta,SERENGAN,JAYENGAN,
615,P3372030101,Jawa Tengah,Kota Surakarta,PASAR KLIWON,GAJAHAN,
616,P3372030202,Jawa Tengah,Kota Surakarta,PASAR KLIWON,SANGKRAH,
617,P3372040104,Jawa Tengah,Kota Surakarta,JEBRES,SIBELA,
618,P3372040202,Jawa Tengah,Kota Surakarta,JEBRES,NGORESAN,
619,P3372040203,Jawa Tengah,Kota Surakarta,JEBRES,PUCANGSAWIT,
620,P3372050202,Jawa Tengah,Kota Surakarta,BANJARSARI,NUSUKAN,
621,P3372050205,Jawa Tengah,Kota Surakarta,BANJARSARI,SETABELAN,
622,P3373010101,Jawa Tengah,Kota Salatiga,ARGOMULYO,CEBONGAN,
623,P3373010202,Jawa Tengah,Kota Salatiga,ARGOMULYO,TEGALREJO,
624,P3373020201,Jawa Tengah,Kota Salatiga,TINGKIR,SIDOREJO KIDUL,
625,P3373030201,Jawa Tengah,Kota Salatiga,SIDOMUKTI,MANGUNSARI,
626,P3373030202,Jawa Tengah,Kota Salatiga,SIDOMUKTI,KALICACING,
627,P3373040201,Jawa Tengah,Kota Salatiga,SIDOREJO,SIDOREJO LOR,
628,P3374010101,Jawa Tengah,Kota Semarang,MIJEN,MIJEN,
629,P3374020101,Jawa Tengah,Kota Semarang,GUNUNG PATI,GUNUNG PATI,
630,P3374030101,Jawa Tengah,Kota Semarang,BANYUMANIK,SRONDOL,
631,P3374040201,Jawa Tengah,Kota Semarang,GAJAH MUNGKUR,PEGANDAN,
632,P3374050101,Jawa Tengah,Kota Semarang,SEMARANG SELATAN,PANDANARAN,
633,P3374070201,Jawa Tengah,Kota Semarang,TEMBALANG,KEDUNG MUNDU,
634,P3374080101,Jawa Tengah,Kota Semarang,PEDURUNGAN,TELOGOSARI KULON,
635,P3374090102,Jawa Tengah,Kota Semarang,GENUK,BANGET AYU,
636,P3374110101,Jawa Tengah,Kota Semarang,SEMARANG TIMUR,HALMAHERA,
637,P3374110102,Jawa Tengah,Kota Semarang,SEMARANG TIMUR,KARANG DORO,
638,P3374120202,Jawa Tengah,Kota Semarang,SEMARANG UTARA,BULU LOR,
639,P3374150101,Jawa Tengah,Kota Semarang,TUGU,MANGKANG,
640,P3374160202,Jawa Tengah,Kota Semarang,NGALIYAN,TAMBAK AJI,
641,P3375010101,Jawa Tengah,Kota Pekalongan,PEKALONGAN BARAT,BENDAN,
642,P3375030202,Jawa Tengah,Kota Pekalongan,PEKALONGAN SELATAN,JENGGOT,
643,P3375040101,Jawa Tengah,Kota Pekalongan,PEKALONGAN UTARA,KUSUMA BANGSA,
644,P3375040202,Jawa Tengah,Kota Pekalongan,PEKALONGAN UTARA,KRAPYAK KIDUL,
645,P3375040203,Jawa Tengah,Kota Pekalongan,PEKALONGAN UTARA,DUKUH,
646,P3376010201,Jawa Tengah,Kota Tegal,TEGAL SELATAN,TEGAL SELATAN,
647,P3376010202,Jawa Tengah,Kota Tegal,TEGAL SELATAN,BANDUNG,
648,P3376020201,Jawa Tengah,Kota Tegal,TEGAL TIMUR,TEGAL TIMUR,
649,P3376020202,Jawa Tengah,Kota Tegal,TEGAL TIMUR,SLEROK,
650,P3376030202,Jawa Tengah,Kota Tegal,TEGAL BARAT,DEBONG LOR,
651,P3376040101,Jawa Tengah,Kota Tegal,MARGADANA,MARGADANA,
652,P3376040202,Jawa Tengah,Kota Tegal,MARGADANA,KALIGANGSA,
653,P3401010101,DI Yogyakarta,Kulon Progo,TEMON,TEMON I,
654,P3401020201,DI Yogyakarta,Kulon Progo,WATES,WATES,
655,P3401030201,DI Yogyakarta,Kulon Progo,PANJATAN,PANJATAN I,
656,P3401030202,DI Yogyakarta,Kulon Progo,PANJATAN,PANJATAN II,
657,P3401040102,DI Yogyakarta,Kulon Progo,GALUR,GALUR II,
658,P3401040201,DI Yogyakarta,Kulon Progo,GALUR,GALUR I,
659,P3401060101,DI Yogyakarta,Kulon Progo,SENTOLO,SENTOLO I,
660,P3401060202,DI Yogyakarta,Kulon Progo,SENTOLO,SENTOLO II,
661,P3401070201,DI Yogyakarta,Kulon Progo,PENGASIH,PENGASIH I,
662,P3401070202,DI Yogyakarta,Kulon Progo,PENGASIH,PENGASIH II,
663,P3401080202,DI Yogyakarta,Kulon Progo,KOKAP,KOKAP II,
664,P3401090201,DI Yogyakarta,Kulon Progo,GIRIMULYO,GIRIMULYO,I
665,P3401100201,DI Yogyakarta,Kulon Progo,NANGGULAN,NANGGULAN,
Laporan Akuntabilitas Kinerja Ditjen Pelayanan Kesehatan Tahun 2016,,,,,69,

No,KODE PUSK.,PROVINSI,KABUPATEN/KOTA,KECAMATAN,,,,PUSKESMAS,,
666,P3401110201,DI Yogyakarta,Kulon Progo,KALIBAWANG,KALIBAWANG,,,,,
667,P3401120202,DI Yogyakarta,Kulon Progo,SAMIGALUH,SAMIGALUH II,,,,,
668,P3402010101,DI Yogyakarta,Bantul,SRANDAKAN,SRANDAKAN,,,,,
669,P3402020101,DI Yogyakarta,Bantul,SANDEN,SANDEN,,,,,
670,P3402040101,DI Yogyakarta,Bantul,PUNDONG,PUNDONG,,,,,
671,P3402050101,DI Yogyakarta,Bantul,BAMBANG LIPURO,BAMBANG LIPURO,,,,,
672,P3402060101,DI Yogyakarta,Bantul,PANDAK,PANDAK I,,,,,
673,P3402060202,DI Yogyakarta,Bantul,PANDAK,PANDAK II,,,,,
674,P3402070201,DI Yogyakarta,Bantul,BANTUL,BANTUL I,,,,,
675,P3402080101,DI Yogyakarta,Bantul,JETIS,JETIS I,,,,,
676,P3402080202,DI Yogyakarta,Bantul,JETIS,JETIS II,,,,,
677,P3402090101,DI Yogyakarta,Bantul,IMOGIRI,IMOGIRI I,,,,,
678,P3402110101,DI Yogyakarta,Bantul,PLERET,PLERET,,,,,
679,P3402120101,DI Yogyakarta,Bantul,PIYUNGAN,PIYUNGAN,,,,,
680,P3402130102,DI Yogyakarta,Bantul,BANGUNTAPAN,BANGUNTAPAN II,,,,,
681,P3402150102,DI Yogyakarta,Bantul,KASIHAN,KASIHAN,,,,,
682,P3402160102,DI Yogyakarta,Bantul,PAJANGAN,PAJANGAN,,,,,
683,P3403010102,DI Yogyakarta,Gunung Kidul,PANGGANG,PANGGANG,,,II,,
684,P3403010201,DI Yogyakarta,Gunung Kidul,PANGGANG,PANGGANG,,,I,,
685,P3403011201,DI Yogyakarta,Gunung Kidul,PURWOSARI,PURWOSARI,,,,,
686,P3403050101,DI Yogyakarta,Gunung Kidul,RONGKOP,RONGKOP,,,,,
687,P3403060101,DI Yogyakarta,Gunung Kidul,SEMANU,SEMANU,,I,,,
688,P3403070101,DI Yogyakarta,Gunung Kidul,PONJONG,PONJONG,,I,,,
689,P3403080202,DI Yogyakarta,Gunung Kidul,KARANGMOJO,KARANGMOJO,,,,II,
690,P3403090201,DI Yogyakarta,Gunung Kidul,WONOSARI,WONOSARI,,,I,,
691,P3403110101,DI Yogyakarta,Gunung Kidul,PATUK,PATUK I,,,,,
692,P3403130101,DI Yogyakarta,Gunung Kidul,NGLIPAR,NGLIPAR,,I,,,
693,P3403140102,DI Yogyakarta,Gunung Kidul,NGAWEN,NGAWEN,,II,,,
694,P3403150101,DI Yogyakarta,Gunung Kidul,SEMIN,SEMIN I,,,,,
695,P3404010201,DI Yogyakarta,Sleman,MOYUDAN,MOYUDAN,,,,,
696,P3404020201,DI Yogyakarta,Sleman,MINGGIR,MINGGIR,,,,,
697,P3404030201,DI Yogyakarta,Sleman,SEYEGAN,SEYEGAN,,,,,
698,P3404040201,DI Yogyakarta,Sleman,GODEAN,GODEAN,,I,,,
699,P3404040202,DI Yogyakarta,Sleman,GODEAN,GODEAN,,II,,,
700,P3404050201,DI Yogyakarta,Sleman,GAMPING,GAMPING,,I,,,
701,P3404050202,DI Yogyakarta,Sleman,GAMPING,GAMPING,,II,,,
702,P3404060102,DI Yogyakarta,Sleman,MLATI,MLATI II,,,,,
703,P3404060201,DI Yogyakarta,Sleman,MLATI,MLATI I,,,,,
704,P3404070201,DI Yogyakarta,Sleman,DEPOK,DEPOK,I,,,,
705,P3404070202,DI Yogyakarta,Sleman,DEPOK,DEPOK,II,,,,
706,P3404070203,DI Yogyakarta,Sleman,DEPOK,DEPOK,III,,,,
707,P3404080101,DI Yogyakarta,Sleman,BERBAH,BERBAH,,,,,
708,P3404090201,DI Yogyakarta,Sleman,PRAMBANAN,PRAMBANAN,,,,,
709,P3404100101,DI Yogyakarta,Sleman,KALASAN,KALASAN,,,,,
710,P3404110201,DI Yogyakarta,Sleman,NGEMPLAK,NGEMPLAK,,,II,,
711,P3404110102,DI Yogyakarta,Sleman,NGEMPLAK,NGEMPLAK I,,,,,
712,P3404120201,DI Yogyakarta,Sleman,NGAGLIK,NGAGLIK,,I,,,
713,P3404120202,DI Yogyakarta,Sleman,NGAGLIK,NGAGLIK,,II,,,
714,P3404130201,DI Yogyakarta,Sleman,SLEMAN,SLEMAN,,,,,
715,P3404140201,DI Yogyakarta,Sleman,TEMPEL,TEMPEL,,I,,,
716,P3404140202,DI Yogyakarta,Sleman,TEMPEL,TEMPEL,,II,,,
717,P3404150201,DI Yogyakarta,Sleman,TURI,TURI,,,,,
718,P3404160201,DI Yogyakarta,Sleman,PAKEM,PAKEM,,,,,
719,P3404170201,DI Yogyakarta,Sleman,CANGKRINGAN,CANGKRINGAN,,,,,
720,P3471010201,DI Yogyakarta,Kota Yogyakarta,MANTRIJERON,MANTRIJERON,,,,,
721,P3471030101,DI Yogyakarta,Kota Yogyakarta,MERGANGSAN,MERGANGSAN,,,,,
722,P3471040201,DI Yogyakarta,Kota Yogyakarta,UMBULHARJO,UMBUL HARJO,,,,I,
723,P3471040202,DI Yogyakarta,Kota Yogyakarta,UMBULHARJO,UMBUL HARJO,,,,II,
724,P3471050201,DI Yogyakarta,Kota Yogyakarta,KOTAGEDE,KOTA GEDE,,,I,,
725,P3471060201,DI Yogyakarta,Kota Yogyakarta,GONDOKUSUMAN,GONDO KUSUMAN,,,,,I
726,P3471070201,DI Yogyakarta,Kota Yogyakarta,DANUREJAN,DANUREJAN,,,I,,
727,P3471070202,DI Yogyakarta,Kota Yogyakarta,DANUREJAN,DANUREJAN,,,II,,
728,P3471090201,DI Yogyakarta,Kota Yogyakarta,GONDOMANAN,GONDOMANAN,,,,,
729,P3471110201,DI Yogyakarta,Kota Yogyakarta,WIROBRAJAN,WIROBRAJAN,,,,,
730,P3471120201,DI Yogyakarta,Kota Yogyakarta,GEDONG TENGEN,GEDONG TENGEN,,,,,
731,P3471130101,DI Yogyakarta,Kota Yogyakarta,JETIS,JETIS,,,,,
732,P3471140101,DI Yogyakarta,Kota Yogyakarta,TEGALREJO,TEGAL REJO,,,,,
733,P3501010101,Jawa Timur,Pacitan,DONOROJO,DONOROJO,,,,,
734,P3501040202,Jawa Timur,Pacitan,PACITAN,TANJUNGSARI,,,,,
735,P3502030101,Jawa Timur,Ponorogo,BUNGKAL,BUNGKAL,,,,,
736,P3502140101,Jawa Timur,Ponorogo,BADEGAN,BADEGAN,,,,,
737,P3502160201,Jawa Timur,Ponorogo,SUKOREJO,SUKOREJO,,,,,
738,P3502170202,Jawa Timur,Ponorogo,PONOROGO,PONOROGO SELATAN,,,,,
739,P3502190101,Jawa Timur,Ponorogo,JENANGAN,JENANGAN,,,,,
740,P3503090102,Jawa Timur,Trenggalek,DURENAN,BARUHARJO,,,,,
Laporan Akuntabilitas Kinerja Ditjen Pelayanan Kesehatan Tahun 2016,,,,,,,70,,,

No,KODE PUSK.,PROVINSI,KABUPATEN/KOTA,KECAMATAN,PUSKESMAS
741,P3503100101,Jawa Timur,Trenggalek,POGALAN,POGALAN
742,P3505200101,Jawa Timur,Blitar,SRENGAT,SRENGAT
743,P3505210201,Jawa Timur,Blitar,WONODADI,WONODADI
744,P3506020101,Jawa Timur,Kediri,SEMEN,SEMEN
745,P3506050201,Jawa Timur,Kediri,RINGINREJO,SAMBI
746,P3506060201,Jawa Timur,Kediri,KANDAT,BLABAK
747,P3506070202,Jawa Timur,Kediri,WATES,SIDOMULYO
748,P3506100201,Jawa Timur,Kediri,GURAH,GURAH
749,P3506100202,Jawa Timur,Kediri,GURAH,ADAN-ADAN
750,P3506130101,Jawa Timur,Kediri,KANDANGAN,KANDANGAN
751,P3506170202,Jawa Timur,Kediri,PURWOASRI,SUMBERJO
752,P3506190201,Jawa Timur,Kediri,PAGU,PAGU
753,P3506210201,Jawa Timur,Kediri,BANYAKAN,TIRON
754,P3507010101,Jawa Timur,Malang,DONOMULYO,DONOMULYO
755,P3507070101,Jawa Timur,Malang,DAMPIT,DAMPIT
756,P3507080201,Jawa Timur,Malang,TIRTO YUDO,TIRTOYUDO
757,P3507120101,Jawa Timur,Malang,TUREN,TUREN
758,P3507140101,Jawa Timur,Malang,GONDANGLEGI,GONDANGLEGI
759,P3507160101,Jawa Timur,Malang,KEPANJEN,KEPANJEN
760,P3507170101,Jawa Timur,Malang,SUMBER PUCUNG,SUMBERPUCUNG
761,P3507220101,Jawa Timur,Malang,PAKISAJI,PAKISAJI
762,P3507240101,Jawa Timur,Malang,TUMPANG,TUMPANG
763,P3507250201,Jawa Timur,Malang,PAKIS,PAKIS
764,P3507270101,Jawa Timur,Malang,LAWANG,LAWANG
765,P3507280101,Jawa Timur,Malang,SINGOSARI,SINGOSARI
766,P3507300101,Jawa Timur,Malang,DAU,DAU
767,P3507310101,Jawa Timur,Malang,PUJON,PUJON
768,P3507330101,Jawa Timur,Malang,KASEMBON,KASEMBON
769,P3508010101,Jawa Timur,Lumajang,TEMPURSARI,TEMPURSARI
770,P3508050202,Jawa Timur,Lumajang,TEMPEH,GESANG
771,P3508060101,Jawa Timur,Lumajang,LUMAJANG,ROGOTRUNAN
772,P3508090101,Jawa Timur,Lumajang,YOSOWILANGUN,YOSOWILANGUN
773,P3508120101,Jawa Timur,Lumajang,RANDUAGUNG,RANDUAGUNG
774,P3508180101,Jawa Timur,Lumajang,KEDUNGJAJANG,KEDUNGJAJANG
775,P3508190101,Jawa Timur,Lumajang,KLAKAH,KLAKAH
776,P3509010101,Jawa Timur,Jember,KENCONG,KENCONG
777,P3509020101,Jawa Timur,Jember,GUMUK MAS,GUMUKMAS
778,P3509030101,Jawa Timur,Jember,PUGER,PUGER
779,P3509050101,Jawa Timur,Jember,AMBULU,AMBULU
780,P3509110201,Jawa Timur,Jember,AJUNG,AJUNG
781,P3509180101,Jawa Timur,Jember,TANGGUL,TANGGUL
782,P3509190101,Jawa Timur,Jember,BANGSALSARI,BANGSALSARI
783,P3509250201,Jawa Timur,Jember,LEDOKOMBO,LEDOKOMBO
784,P3509260101,Jawa Timur,Jember,SUMBERJAMBE,SUMBERJAMBE
785,P3509710201,Jawa Timur,Jember,KALIWATES,KALIWATES
786,P3509720101,Jawa Timur,Jember,SUMBERSARI,SUMBERSARI
787,P3510030101,Jawa Timur,Banyuwangi,PURWOHARJO,PURWOHARJO
788,P3510060101,Jawa Timur,Banyuwangi,CLURING,BENCULUK
789,P3510071201,Jawa Timur,Banyuwangi,TEGALSARI,TEGALSARI
790,P3510100201,Jawa Timur,Banyuwangi,GENTENG,GENTENG KULON
791,P3510130201,Jawa Timur,Banyuwangi,KABAT,KABAT
792,P3510150203,Jawa Timur,Banyuwangi,SEMPU,SEMPU
793,P3510180201,Jawa Timur,Banyuwangi,BANYUWANGI,SOBO
794,P3510180202,Jawa Timur,Banyuwangi,BANYUWANGI,KERTOSARI
795,P3510190201,Jawa Timur,Banyuwangi,GIRI,MOJOPANGGUNG
796,P3510210101,Jawa Timur,Banyuwangi,WONGSOREJO,WONGSOREJO
797,P3511010101,Jawa Timur,Bondowoso,MAESAN,MAESAN
798,P3511020101,Jawa Timur,Bondowoso,GRUJUGAN,GRUJUGAN
799,P3511030101,Jawa Timur,Bondowoso,TAMANAN,TAMANAN
800,P3511050101,Jawa Timur,Bondowoso,TLOGOSARI,TLOGOSARI
801,P3511070101,Jawa Timur,Bondowoso,TAPEN,TAPEN
802,P3511070102,Jawa Timur,Bondowoso,TAPEN,WONOSARI
803,P3511100101,Jawa Timur,Bondowoso,BONDOWOSO,NANGKAAN
804,P3511110101,Jawa Timur,Bondowoso,CURAH DAMI,CURAHDAMI
805,P3511141101,Jawa Timur,Bondowoso,TAMAN KROCOK,TAMAN KROCOK
806,P3511151101,Jawa Timur,Bondowoso,SEMPOL,SEMPOL
807,P3511170101,Jawa Timur,Bondowoso,CERMEE,CERMEE
808,P3512030101,Jawa Timur,Situbondo,BANYUGLUGUR,BANYUGLUGUR
809,P3512040201,Jawa Timur,Situbondo,BESUKI,BESUKI
810,P3512050101,Jawa Timur,Situbondo,SUBOH,SUBOH
811,P3512060101,Jawa Timur,Situbondo,MLANDINGAN,MLANDINGAN
812,P3512080101,Jawa Timur,Situbondo,KENDIT,KENDIT
813,P3512090101,Jawa Timur,Situbondo,PANARUKAN,PANARUKAN
814,P3512100201,Jawa Timur,Situbondo,SITUBONDO,SITUBONDO
815,P3512110101,Jawa Timur,Situbondo,MANGARAN,MANGARAN
Laporan Akuntabilitas Kinerja Ditjen Pelayanan Kesehatan Tahun 2016,,,,,71

No,KODE PUSK.,PROVINSI,KABUPATEN/KOTA,KECAMATAN,PUSKESMAS
816,P3512140101,Jawa Timur,Situbondo,ARJASA,ARJASA
817,P3512150101,Jawa Timur,Situbondo,JANGKAR,JANGKAR
818,P3512160101,Jawa Timur,Situbondo,ASEMBAGUS,ASEMBAGUS
819,P3513040101,Jawa Timur,Probolinggo,BANTARAN,BANTARAN
820,P3513050101,Jawa Timur,Probolinggo,LECES,LECES
821,P3513060201,Jawa Timur,Probolinggo,TEGALSIWALAN,TEGALSIWALAN
822,P3513070201,Jawa Timur,Probolinggo,BANYUANYAR,BANYUANYAR
823,P3513080102,Jawa Timur,Probolinggo,TIRIS,RANUGEDANG
824,P3513130101,Jawa Timur,Probolinggo,PAITON,PAITON
825,P3513150201,Jawa Timur,Probolinggo,KRAKSAAN,KRAKSAAN
826,P3513160101,Jawa Timur,Probolinggo,KREJENGAN,KREJENGAN
827,P3513170101,Jawa Timur,Probolinggo,PAJARAKAN,PAJARAKAN
828,P3513190101,Jawa Timur,Probolinggo,GENDING,GENDING
829,P3513210101,Jawa Timur,Probolinggo,WONOMERTO,WONOMERTO
830,P3513240101,Jawa Timur,Probolinggo,SUMBERASIH,SUMBERASIH
831,P3514010101,Jawa Timur,Pasuruan,PURWODADI,PURWODADI
832,P3514130101,Jawa Timur,Pasuruan,GEMPOL,GEMPOL
833,P3514150101,Jawa Timur,Pasuruan,BANGIL,BANGIL
834,P3514170102,Jawa Timur,Pasuruan,KRATON,NGEMPIT
835,P3515010101,Jawa Timur,Sidoarjo,TARIK,TARIK
836,P3515020101,Jawa Timur,Sidoarjo,PRAMBON,PRAMBON
837,P3515040101,Jawa Timur,Sidoarjo,PORONG,PORONG
838,P3515050101,Jawa Timur,Sidoarjo,JABON,JABON
839,P3515100101,Jawa Timur,Sidoarjo,SUKODONO,SUKODONO
840,P3515130101,Jawa Timur,Sidoarjo,SEDATI,SEDATI
841,P3515140101,Jawa Timur,Sidoarjo,WARU,WARU
842,P3515160101,Jawa Timur,Sidoarjo,TAMAN,TAMAN
843,P3516100101,Jawa Timur,Mojokerto,DLANGGU,KUTOREJO
844,P3517010101,Jawa Timur,Jombang,BANDAR KEDUNG MULYO,BANDAR KEDUNG MULYO
845,P3517020101,Jawa Timur,Jombang,PERAK,PERAK
846,P3517030201,Jawa Timur,Jombang,GUDO,BLIMBING GUDO
847,P3517040101,Jawa Timur,Jombang,DIWEK,CUKIR
848,P3517070101,Jawa Timur,Jombang,BARENG,BARENG
849,P3517080101,Jawa Timur,Jombang,WONOSALAM,WONOSALAM
850,P3517090101,Jawa Timur,Jombang,MOJOAGUNG,MOJOAGUNG
851,P3517100101,Jawa Timur,Jombang,SUMOBITO,SUMOBITO
852,P3517120101,Jawa Timur,Jombang,PETERONGAN,PETERONGAN
853,P3517170101,Jawa Timur,Jombang,KUDU,TAPEN
854,P3517190101,Jawa Timur,Jombang,KABUH,KABUH
855,P3518030101,Jawa Timur,Nganjuk,BERBEK,BERBEK
856,P3518050201,Jawa Timur,Nganjuk,PACE,PACE
857,P3518060101,Jawa Timur,Nganjuk,TANJUNGANOM,TANJUNGANOM
858,P3518070201,Jawa Timur,Nganjuk,PRAMBON,PRAMBON
859,P3518080101,Jawa Timur,Nganjuk,NGRONGGOT,NGRONGGOT
860,P3518090201,Jawa Timur,Nganjuk,KERTOSONO,KERTOSONO
861,P3518100201,Jawa Timur,Nganjuk,PATIANROWO,PATIANROWO
862,P3518110101,Jawa Timur,Nganjuk,BARON,BARON
863,P3518120101,Jawa Timur,Nganjuk,GONDANG,GONDANG
864,P3518130201,Jawa Timur,Nganjuk,SUKOMORO,SUKOMORO
865,P3518140201,Jawa Timur,Nganjuk,NGANJUK,NGANJUK
866,P3518150201,Jawa Timur,Nganjuk,BAGOR,BAGOR
867,P3518170101,Jawa Timur,Nganjuk,REJOSO,REJOSO
868,P3519010102,Jawa Timur,Madiun,KEBONSARI,GANTRUNG
869,P3519040202,Jawa Timur,Madiun,DAGANGAN,JETIS
870,P3519070101,Jawa Timur,Madiun,GEMARANG,GEMARANG
871,P3519120101,Jawa Timur,Madiun,BALEREJO,BALEREJO
872,P3520040101,Jawa Timur,Magetan,TAKERAN,TAKERAN
873,P3520041101,Jawa Timur,Magetan,NGUNTORONADI,GORANG GARENG TAJI
874,P3520050102,Jawa Timur,Magetan,KAWEDANAN,KAWEDANAN
875,P3520060201,Jawa Timur,Magetan,MAGETAN,CANDIREJO
876,P3520061201,Jawa Timur,Magetan,NGARIBOYO,NGARIBOYO
877,P3520070101,Jawa Timur,Magetan,PLAOSAN,PLAOSAN
878,P3520080101,Jawa Timur,Magetan,PANEKAN,PANEKAN
879,P3520110202,Jawa Timur,Magetan,MAOSPATI,NGUJUNG
880,P3521020101,Jawa Timur,Ngawi,NGRAMBE,NGRAMBE
881,P3521050101,Jawa Timur,Ngawi,GENENG,GENENG
882,P3521060201,Jawa Timur,Ngawi,KWADUNGAN,KWADUNGAN
883,P3521080101,Jawa Timur,Ngawi,KARANGJATI,KARANGJATI
884,P3521100101,Jawa Timur,Ngawi,PADAS,PADAS
885,P3521160101,Jawa Timur,Ngawi,MANTINGAN,MANTINGAN
886,P3522020101,Jawa Timur,Bojonegoro,NGRAHO,NGRAHO
887,P3522070101,Jawa Timur,Bojonegoro,SUGIHWARAS,SUGIHWARAS
888,P3522110101,Jawa Timur,Bojonegoro,KANOR,KANOR
889,P3522130101,Jawa Timur,Bojonegoro,BALEN,BALEN
890,P3523030201,Jawa Timur,Tuban,SENORI,SENORI
Laporan Akuntabilitas Kinerja Ditjen Pelayanan Kesehatan Tahun 2016,,,,,72

No,KODE PUSK.,PROVINSI,KABUPATEN/KOTA,KECAMATAN,,PUSKESMAS
891,P3523070101,Jawa Timur,Tuban,SOKO,SOKO,
892,P3523130201,Jawa Timur,Tuban,TUBAN,TUBAN,
893,P3523140201,Jawa Timur,Tuban,JENU,JENU,
894,P3523190202,Jawa Timur,Tuban,BANCAR,BANCAR,
895,P3524060101,Jawa Timur,Lamongan,KEMBANGBAHU,KEMBANGBAHU,
896,P3524080101,Jawa Timur,Lamongan,KEDUNGPRING,KEDUNGPRING,
897,P3524170101,Jawa Timur,Lamongan,KARANGBINANGUN,KARANGBINANGUN,
898,P3524260101,Jawa Timur,Lamongan,BRONDONG,BRONDONG,
899,P3525050101,Jawa Timur,Gresik,CERME,CERME,
900,P3525060101,Jawa Timur,Gresik,BENJENG,BENJENG,
901,P3525070101,Jawa Timur,Gresik,BALONGPANGGANG,BALONGPANGGANG,
902,P3525080101,Jawa Timur,Gresik,DUDUKSAMPEYAN,DUDUK SAMPEYAN,
903,P3525090101,Jawa Timur,Gresik,KEBOMAS,KEBOMAS,
904,P3525090202,Jawa Timur,Gresik,KEBOMAS,GENDING,
905,P3525100101,Jawa Timur,Gresik,GRESIK,ALUN-ALUN,
906,P3525100202,Jawa Timur,Gresik,GRESIK,NELAYAN,
907,P3525100203,Jawa Timur,Gresik,GRESIK,INDUSTRI,
908,P3525110203,Jawa Timur,Gresik,MANYAR,SUKOMULYO,
909,P3525120101,Jawa Timur,Gresik,BUNGAH,BUNGAH,
910,P3526050101,Jawa Timur,Bangkalan,BLEGA,BLEGA,
911,P3526110101,Jawa Timur,Bangkalan,BANGKALAN,BANGKALAN,
912,P3526130101,Jawa Timur,Bangkalan,AROSBAYA,AROSBAYA,
913,P3526180101,Jawa Timur,Bangkalan,KLAMPIS,KLAMPIS,
914,P3527020101,Jawa Timur,Sampang,TORJUN,TORJUN,
915,P3527030201,Jawa Timur,Sampang,SAMPANG,KAMONING,
916,P3527030202,Jawa Timur,Sampang,SAMPANG,BANYUANYAR,
917,P3527040101,Jawa Timur,Sampang,CAMPLONG,CAMPLONG,
918,P3527040102,Jawa Timur,Sampang,CAMPLONG,TANJUNG,
919,P3527050101,Jawa Timur,Sampang,OMBEN,OMBEN,
920,P3527070101,Jawa Timur,Sampang,JRENGIK,JRENGIK,
921,P3527080101,Jawa Timur,Sampang,TAMBELANGAN,TAMBELANGAN,
922,P3527090102,Jawa Timur,Sampang,BANYUATES,BRINGKONING,
923,P3527120101,Jawa Timur,Sampang,SOKOBANAH,BATULENGER,
924,P3528060101,Jawa Timur,Pamekasan,PROPPO,PROPPO,
925,P3528070101,Jawa Timur,Pamekasan,PALENGAAN,PALENGAAN,
926,P3529050101,Jawa Timur,Sumenep,TALANGO,TALANGO,
927,P3529070102,Jawa Timur,Sumenep,KOTA SUMENEP,PAMOLOKAN,
928,P3529100101,Jawa Timur,Sumenep,GULUK GULUK,GULUK-GULUK,
929,P3529110101,Jawa Timur,Sumenep,PASONGSONGAN,PASONGSONGAN,
930,P3529140101,Jawa Timur,Sumenep,DASUK,DASUK,
931,P3571010103,Jawa Timur,Kota Kediri,MOJOROTO,SUKORAME,
932,P3571020201,Jawa Timur,Kota Kediri,KOTA KEDIRI,KOTA WIL SELATAN,
933,P3571020202,Jawa Timur,Kota Kediri,KOTA KEDIRI,KOTA WIL UTARA,
934,P3571030201,Jawa Timur,Kota Kediri,PESANTREN,PESANTREN I,
935,P3571030202,Jawa Timur,Kota Kediri,PESANTREN,PESANTREN II,
936,P3573020201,Jawa Timur,Kota Malang,SUKUN,JANTI,
937,P3573030202,Jawa Timur,Kota Malang,KLOJEN,BARENG,
938,P3573040203,Jawa Timur,Kota Malang,BLIMBING,PANDANWANGI,
939,P3573050101,Jawa Timur,Kota Malang,LOWOKWARU,DINOYO,
940,P3575010202,Jawa Timur,Kota Pasuruan,GADINGREJO,KARANGKETUG,
941,P3576010102,Jawa Timur,Kota Mojokerto,PRAJURIT KULON,BLOOTO,
942,P3576010201,Jawa Timur,Kota Mojokerto,PRAJURIT KULON,MENTIKAN,
943,P3576020102,Jawa Timur,Kota Mojokerto,MAGERSARI,KEDUNDUNG,
944,P3576020201,Jawa Timur,Kota Mojokerto,MAGERSARI,GEDONGAN,
945,P3576020203,Jawa Timur,Kota Mojokerto,MAGERSARI,WATES,
946,P3577010201,Jawa Timur,Kota Madiun,MANGU HARJO,MANGUHARJO,
947,P3577010202,Jawa Timur,Kota Madiun,MANGU HARJO,PATIHAN,
948,P3577020101,Jawa Timur,Kota Madiun,TAMAN,BANJAREJO,
949,P3577020202,Jawa Timur,Kota Madiun,TAMAN,DEMANGAN,
950,P3577030102,Jawa Timur,Kota Madiun,KARTOHARJO,TAWANGREJO,
951,P3577030201,Jawa Timur,Kota Madiun,KARTOHARJO,ORO-ORO OMBO,
952,P3578030201,Jawa Timur,Kota Surabaya,GAYUNGAN,GAYUNGAN,
953,P3578050201,Jawa Timur,Kota Surabaya,TENGGILIS MEJOYO,TENGGILIS,
954,P3578060101,Jawa Timur,Kota Surabaya,GUNUNG ANYAR,GUNUNG ANYAR,
955,P3578070102,Jawa Timur,Kota Surabaya,RUNGKUT,MEDOKAN AYU,
956,P3578080203,Jawa Timur,Kota Surabaya,SUKOLILO,KEPUTIH,
957,P3578100201,Jawa Timur,Kota Surabaya,GUBENG,PUCANG SEWU,
958,P3578110101,Jawa Timur,Kota Surabaya,WONOKROMO,JAGIR,
959,P3578110202,Jawa Timur,Kota Surabaya,WONOKROMO,WONOKROMO,
960,P3578120201,Jawa Timur,Kota Surabaya,DUKUH PAKIS,DUKUH KUPANG,
961,P3578140201,Jawa Timur,Kota Surabaya,LAKARSANTRI,JERUK,
962,P3578150102,Jawa Timur,Kota Surabaya,TANDES,BALONGSARI,
963,P3578160101,Jawa Timur,Kota Surabaya,SUKO MANUNGGAL,TANJUNGSARI,
964,P3578160102,Jawa Timur,Kota Surabaya,SUKO MANUNGGAL,SIMOMULYO,
965,P3578170201,Jawa Timur,Kota Surabaya,SAWAHAN,SAWAHAN,
Laporan Akuntabilitas Kinerja Ditjen Pelayanan Kesehatan Tahun 2016,,,,,,73

No,KODE PUSK.,PROVINSI,KABUPATEN/KOTA,KECAMATAN,,,PUSKESMAS,
966,P3578170202,Jawa Timur,Kota Surabaya,SAWAHAN,PUTAT JAYA,,,
967,P3578210101,Jawa Timur,Kota Surabaya,KENJERAN,TANAH KALIKEDINDING,,,
968,P3578220201,Jawa Timur,Kota Surabaya,SIMOKERTO,TAMBAKREJO,,,
969,P3578230201,Jawa Timur,Kota Surabaya,SEMAMPIR,PEGIRIAN,,,
970,P3578260102,Jawa Timur,Kota Surabaya,KREMBANGAN,DUPAK,,,
971,P3578280101,Jawa Timur,Kota Surabaya,BENOWO,SEMEMI,,,
972,P3602170202,Banten,Lebak,CIBADAK,MANDALA,,,
973,P3602180201,Banten,Lebak,RANGKASBITUNG,RANGKAS BITUNG,,,
974,P3603050201,Banten,Tangerang,CURUG,JALAN KUTAI,,,
975,P3603051201,Banten,Tangerang,KELAPA DUA,KELAPA DUA,,,
976,P3603120201,Banten,Tangerang,PASARKEMIS,SINDANG JAYA,,,
977,P3603130102,Banten,Tangerang,BALARAJA,BALARAJA,,,
978,P3603170201,Banten,Tangerang,RAJEG,RAJEG,,,
979,P3603180101,Banten,Tangerang,SEPATAN,SEPATAN,,,
980,P3604020201,Banten,Serang,PADARINCANG,PADARINCANG,,,
981,P3604050201,Banten,Serang,BAROS,BAROS,,,
982,P3604200101,Banten,Serang,ANYAR,ANYAR,,,
983,P3604220101,Banten,Serang,KRAMATWATU,KRAMAT WATU,,,
984,P3604240101,Banten,Serang,CIRUAS,CIRUAS,,,
985,P3604250101,Banten,Serang,PONTANG,PONTANG,,,
986,P3671010201,Banten,Kota Tangerang,CILEDUG,CILEDUG,,,
987,P3671020201,Banten,Kota Tangerang,CIPONDOH,CIPONDOH,,,
988,P3671021201,Banten,Kota Tangerang,PINANG,KUNCIRAN,,,
989,P3671021202,Banten,Kota Tangerang,PINANG,PANUNGGANGAN,,,
990,P3671030201,Banten,Kota Tangerang,TANGERANG,SUKASARI,,,
991,P3671031201,Banten,Kota Tangerang,KARAWACI,KARAWACI BARU,,,
992,P3671041201,Banten,Kota Tangerang,CIBODAS,CIBODASARI,,,
993,P3671041203,Banten,Kota Tangerang,CIBODAS,JATIUWUNG,,,
994,P3671042201,Banten,Kota Tangerang,PERIUK,PERIUK JAYA,,,
995,P3671050202,Banten,Kota Tangerang,BATUCEPER,BATU CEPER,,,
996,P3671051201,Banten,Kota Tangerang,NEGLASARI,NEGLASARI,,,
997,P3672011201,Banten,Kota Cilegon,CITANGKIL,CITANGKIL,,,
998,P3672020101,Banten,Kota Cilegon,PULOMERAK,PULO MERAK,,,
999,P3673010201,Banten,Kota Serang,CURUG,CURUG,,,
1000,P3673040104,Banten,Kota Serang,SERANG,SERANG KOTA,,,
1001,P3674020203,Banten,Kota Tangerang Selatan,SERPONG,RAWA BUNTU,,,
1002,P3674030203,Banten,Kota Tangerang Selatan,PAMULANG,BENDA BARU,,,
1003,P3674040202,Banten,Kota Tangerang Selatan,CIPUTAT,KAMPUNG SAWAH,,,
1004,P3674040203,Banten,Kota Tangerang Selatan,CIPUTAT,JOMBANG,,,
1005,P3674050204,Banten,Kota Tangerang Selatan,CIPUTAT TIMUR,RENGAS,,,
1006,P3674060101,Banten,Kota Tangerang Selatan,PONDOK AREN,PONDOK AREN,,,
1007,P3674070101,Banten,Kota Tangerang Selatan,SERPONG UTARA,PONDOK JAGUNG,,,
1008,P5101010102,Bali,Jembrana,MELAYA,I MELAYA,,,
1009,P5101020102,Bali,Jembrana,NEGARA,II NEGARA,,,
1010,P5101020201,Bali,Jembrana,NEGARA,I NEGARA,,,
1011,P5101021102,Bali,Jembrana,JEMBRANA,II JEMBRANA,,,
1012,P5101021201,Bali,Jembrana,JEMBRANA,I JEMBRANA,,,
1013,P5101030202,Bali,Jembrana,MENDOYO,II MENDOYO,,,
1014,P5101040101,Bali,Jembrana,PEKUTATAN,I PEKUTATAN,,,
1015,P5101040202,Bali,Jembrana,PEKUTATAN,II PEKUTATAN,,,
1016,P5102020202,Bali,Tabanan,KERAMBITAN,KERAMBITAN II,,,
1017,P5102040201,Bali,Tabanan,KEDIRI,KEDIRI I,,,
1018,P5102060101,Bali,Tabanan,BATURITI,BATURITI,I,,
1019,P5102070201,Bali,Tabanan,PENEBEL,PENEBEL,I,,
1020,P5103040202,Bali,Badung,MENGWI,MENGWI II,,,
1021,P5104010202,Bali,Gianyar,SUKAWATI,SUKAWATI,,II,
1022,P5104020202,Bali,Gianyar,BLAHBATUH,BLAHBATUH,,,II
1023,P5104050101,Bali,Gianyar,UBUD,UBUD I,,,
1024,P5105010101,Bali,Klungkung,NUSAPENIDA,NUSA PENIDA I,,,
1025,P5105020202,Bali,Klungkung,BANJARANGKAN,BANJARANGKAN I,,,
1026,P5105030201,Bali,Klungkung,KLUNGKUNG,KLUNGKUNG I,,,
1027,P5105040202,Bali,Klungkung,DAWAN,DAWAN II,,,
1028,P5106010202,Bali,Bangli,SUSUT,SUSUT II,,,
1029,P5106040101,Bali,Bangli,KINTAMANI,KINTAMANI I,,,
1030,P5107010101,Bali,Karang Asem,RENDANG,RENDANG,,,
1031,P5107040201,Bali,Karang Asem,KARANGASEM,KARANGASEM I,,,
1032,P5108010101,Bali,Buleleng,GEROKGAK,GEROGAK I,,,
1033,P5108040202,Bali,Buleleng,BANJAR,BANJAR II,,,
1034,P5108060203,Bali,Buleleng,BULELENG,BULELENG III,,,
1035,P5108070201,Bali,Buleleng,SAWAN,SAWAN I,,,
1036,P5108090202,Bali,Buleleng,TEJAKULA,TEJAKULA II,,,
1037,P5171010104,Bali,Kota Denpasar,DENPASAR SELATAN,DENPASAR SELATAN IV,,,
1038,P5171020101,Bali,Kota Denpasar,DENPASAR TIMUR,DENPASAR TIMUR I,,,
1039,P5171030102,Bali,Kota Denpasar,DENPASAR BARAT,DENPASAR BARAT II,,,
1040,P5171031203,Bali,Kota Denpasar,DENPASAR UTARA,DENPASAR UTARA III,,,
Laporan Akuntabilitas Kinerja Ditjen Pelayanan Kesehatan Tahun 2016,,,,,,74,,

No,KODE PUSK.,PROVINSI,KABUPATEN/KOTA,KECAMATAN,PUSKESMAS
1041,P5201010101,Nusa Tenggara Barat,Lombok Barat,SEKOTONG,SEKOTONG
1042,P5201020101,Nusa Tenggara Barat,Lombok Barat,GERUNG,GERUNG
1043,P5201030201,Nusa Tenggara Barat,Lombok Barat,LABU API,LABU API
1044,P5201040101,Nusa Tenggara Barat,Lombok Barat,KEDIRI,KEDIRI
1045,P5201040202,Nusa Tenggara Barat,Lombok Barat,KEDIRI,BANYUMULEK
1046,P5201041201,Nusa Tenggara Barat,Lombok Barat,KURIPAN,KURIPAN
1047,P5201050101,Nusa Tenggara Barat,Lombok Barat,NARMADA,NARMADA
1048,P5201050202,Nusa Tenggara Barat,Lombok Barat,NARMADA,SEDAU
1049,P5201060101,Nusa Tenggara Barat,Lombok Barat,GUNUNG SARI,GUNUNG SARI
1050,P5201061201,Nusa Tenggara Barat,Lombok Barat,BATU LAYAR,MENINTING
1051,P5203071102,Nusa Tenggara Barat,Lombok Timur,LABUHAN HAJI,KORLEKO
1052,P5203090101,Nusa Tenggara Barat,Lombok Timur,AIKMEL,AIKMEL
1053,P5203090102,Nusa Tenggara Barat,Lombok Timur,AIKMEL,LENEK
1054,p5204080202,Nusa Tenggara Barat,Sumbawa,SUMBAWA,UNIT II SUMBAWA
1055,P5204140101,Nusa Tenggara Barat,Sumbawa,EMPANG,EMPANG
1056,P5205020202,Nusa Tenggara Barat,Dompu,DOMPU,DOMPU KOTA
1057,P5206010101,Nusa Tenggara Barat,Bima,MONTA,MONTA
1058,P5206020101,Nusa Tenggara Barat,Bima,BOLO,BOLO
1059,P5207030101,Nusa Tenggara Barat,Sumbawa Barat,TALIWANG,TALIWANG
1060,P5207050101,Nusa Tenggara Barat,Sumbawa Barat,SETELUK,SETELUK
1061,P5208010201,Nusa Tenggara Barat,Lombok Utara,PEMENANG,PEMENANG
1062,P5208030101,Nusa Tenggara Barat,Lombok Utara,GANGGA,GANGGA
1063,P5271010202,Nusa Tenggara Barat,Kota Mataram,AMPENAN,KARANG PULE
1064,P5271010203,Nusa Tenggara Barat,Kota Mataram,AMPENAN,PEJERUK
1065,P5271011101,Nusa Tenggara Barat,Kota Mataram,SEKARBELA,TANJUNG KARANG
1066,P5271021201,Nusa Tenggara Barat,Kota Mataram,SELAPARANG,MATARAM
1067,P5271030101,Nusa Tenggara Barat,Kota Mataram,CAKRANEGARA,KARANG TALIWANG
1068,P5271031101,Nusa Tenggara Barat,Kota Mataram,SANDUBAYA,CAKRANEGARA
1069,P5272011201,Nusa Tenggara Barat,Kota Bima,MPUNDA,MPUDA
1070,P5301050201,Nusa Tenggara Timur,Sumba Barat,SUMBA BARAT,TANARARA
1071,P5301072201,Nusa Tenggara Timur,Sumba Barat,SUMBA BARAT,MALATA
1072,P5302010101,Nusa Tenggara Timur,Sumba Timur,LEWA,L E W A
1073,P5302040101,Nusa Tenggara Timur,Sumba Timur,PAHUNGA LODU,MANGILI
1074,P5302052101,Nusa Tenggara Timur,Sumba Timur,UMALULU,MELOLO
1075,P5302080101,Nusa Tenggara Timur,Sumba Timur,HAHARU,RAMBANGARU
1076,P5305010101,Nusa Tenggara Timur,Timor Tengah Utara,MIOMAFFO BARAT,EBAN
1077,P5305020201,Nusa Tenggara Timur,Timor Tengah Utara,MIOMAFFO TIMUR,NUNPENE
1078,P5305021101,Nusa Tenggara Timur,Timor Tengah Utara,NOEMUTI,NOEMUTI
1079,P5305025201,Nusa Tenggara Timur,Timor Tengah Utara,BIKOMI UTARA,NAPAN
1080,P5305030101,Nusa Tenggara Timur,Timor Tengah Utara,KOTA KEFAMENANU,SASI
1081,P5305040101,Nusa Tenggara Timur,Timor Tengah Utara,INSANA,OELOLOK
1082,P5305050101,Nusa Tenggara Timur,Timor Tengah Utara,BIBOKI SELATAN,MANUFUI
1083,P5305060101,Nusa Tenggara Timur,Timor Tengah Utara,BIBOKI UTARA,LURASIK
1084,P5309010101,Nusa Tenggara Timur,Flores Timur,WULANGGITANG,BORU
1085,P5309031102,Nusa Tenggara Timur,Flores Timur,ILE MANDIRI,OKA
1086,P5309040101,Nusa Tenggara Timur,Flores Timur,SOLOR BARAT,RITAEBANG
1087,P5309060101,Nusa Tenggara Timur,Flores Timur,ADONARA BARAT,WAIWADAN
1088,P5309070101,Nusa Tenggara Timur,Flores Timur,ADONARA TIMUR,WAIWERANG
1089,P5310063201,Nusa Tenggara Timur,Sikka,NELLE,NELLE
1090,P5310071101,Nusa Tenggara Timur,Sikka,MAGEPANDA,MAGEPANDA
1091,P5311010101,Nusa Tenggara Timur,Ende,NANGAPANDA,NANGA PANDA
1092,P5311020102,Nusa Tenggara Timur,Ende,ENDE,RIA RAJA
1093,P5311052101,Nusa Tenggara Timur,Ende,LIO TIMUR,WATUNESO
1094,P5311060101,Nusa Tenggara Timur,Ende,MAUROLE,MAUROLE
1095,P5312010101,Nusa Tenggara Timur,Ngada,AIMERE,AIMERE
1096,P5312012201,Nusa Tenggara Timur,Ngada,INERIE,INERIE
1097,P5312011201,Nusa Tenggara Timur,Ngada,JEREBUU,WATUMANU
1098,P5312020201,Nusa Tenggara Timur,Ngada,BAJAWA,KOTA
1099,P5312020202,Nusa Tenggara Timur,Ngada,BAJAWA,SURISINA
1100,P5312030201,Nusa Tenggara Timur,Ngada,GOLEWA,KOELODA
1101,P5312031201,Nusa Tenggara Timur,Ngada,GOLEWA SELATAN,LADJA
1102,P5312070201,Nusa Tenggara Timur,Ngada,BAJAWA UTARA,WATU KAPU
1103,P5312071101,Nusa Tenggara Timur,Ngada,SOA,WAEPANA
1104,P5312080101,Nusa Tenggara Timur,Ngada,RIUNG,RIUNG
1105,P5312081201,Nusa Tenggara Timur,Ngada,RIUNG BARAT,MARONGGELA
1106,P5312082201,Nusa Tenggara Timur,Ngada,WOLOMEZE,NATA RANDANG
1107,P5313123202,Nusa Tenggara Timur,Manggarai,RAHONG UTARA,WANGKO
1108,P5315011201,Nusa Tenggara Timur,Manggarai Barat,BOLENG,TERANG
1109,P5315030101,Nusa Tenggara Timur,Manggarai Barat,LEMBOR,WAE NAKENG
1110,P5315040101,Nusa Tenggara Timur,Manggarai Barat,KUWUS,GOLO WELU
1111,P5317010101,Nusa Tenggara Timur,Sumba Barat Daya,KODI BANGEDO,WALANDIMU
1112,P5317050101,Nusa Tenggara Timur,Sumba Barat Daya,WEWEWA BARAT,WAIMANGURA
1113,P5317070201,Nusa Tenggara Timur,Sumba Barat Daya,WEWEWA UTARA,PALLA
1114,P5317080101,Nusa Tenggara Timur,Sumba Barat Daya,LOURA,RADA MATA
1115,P6101010201,Kalimantan Barat,Sambas,SELAKAU,SELAKAU
Laporan Akuntabilitas Kinerja Ditjen Pelayanan Kesehatan Tahun 2016,,,,,75

No,KODE PUSK.,PROVINSI,KABUPATEN/KOTA,KECAMATAN,PUSKESMAS
1116,P6102010101,Kalimantan Barat,Bengkayang,SUNGAI RAYA,SUNGAI DURI
1117,P6102080101,Kalimantan Barat,Bengkayang,JAGOI BABANG,JAGOI BABANG
1118,P6103050101,Kalimantan Barat,Landak,MANDOR,MANDOR
1119,P6103070101,Kalimantan Barat,Landak,MEMPAWAH HULU,KARANGAN
1120,P6105210101,Kalimantan Barat,Sanggau,SEKAYAM,BALAI KARANGAN
1121,P6105220101,Kalimantan Barat,Sanggau,ENTIKONG,ENTIKONG
1122,P6106071201,Kalimantan Barat,Ketapang,DELTA PAWAN,MULIA BARU
1123,P6107120201,Kalimantan Barat,Sintang,TEMPUNAK,TEMPUNAK
1124,P6107130201,Kalimantan Barat,Sintang,SUNGAI TEBELIAN,PANDAN
1125,P6107140202,Kalimantan Barat,Sintang,SINTANG,TANJUNG PURI
1126,P6107140203,Kalimantan Barat,Sintang,SINTANG,DARA JUANTI
1127,P6108030101,Kalimantan Barat,Kapuas Hulu,HULU GURUNG,HULU GURUNG
1128,P6108080201,Kalimantan Barat,Kapuas Hulu,PUTUSSIBAU SELATAN,KEDAMIN
1129,P6108100101,Kalimantan Barat,Kapuas Hulu,BUNUT HILIR,BUNUT HILIR
1130,P6108190201,Kalimantan Barat,Kapuas Hulu,PURING KENCANA,PURING KENCANA
1131,P6108200101,Kalimantan Barat,Kapuas Hulu,BADAU,BADAU
1132,P6108230201,Kalimantan Barat,Kapuas Hulu,PUTUSSIBAU UTARA,PUTUSSIBAU
1133,P6111040101,Kalimantan Barat,Kayong Utara,TELUK BATANG,TELUK BATANG
1134,P6112050101,Kalimantan Barat,Kubu Raya,SUNGAI KAKAP,KAKAP
1135,P6112070103,Kalimantan Barat,Kubu Raya,SUNGAI RAYA,SUNGAI DURIAN
1136,P6112070202,Kalimantan Barat,Kubu Raya,SUNGAI RAYA,SUNGAI RAYA DALAM
1137,P6112080103,Kalimantan Barat,Kubu Raya,SUNGAI AMBAWANG,LINGGA
1138,P6171010201,Kalimantan Barat,Kota Pontianak,PONTIANAK SELATAN,GANG SEHAT
1139,P6171011201,Kalimantan Barat,Kota Pontianak,PONTIANAK TENGGARA,KAMPUNG BANGKA
1140,P6171020106,Kalimantan Barat,Kota Pontianak,PONTIANAK TIMUR,SAIGON
1141,P6171030201,Kalimantan Barat,Kota Pontianak,PONTIANAK BARAT,PERUMNAS I
1142,P6171031204,Kalimantan Barat,Kota Pontianak,PONTIANAK KOTA,KAMPUNG BALI
1143,P6171040101,Kalimantan Barat,Kota Pontianak,PONTIANAK UTARA,SIANTAN HILIR
1144,P6172030101,Kalimantan Barat,Kota Singkawang,SINGKAWANG UTARA,SINGKAWANG UTARA
1145,P6201050201,Kalimantan Tengah,Kotawaringin Barat,ARUT SELATAN,ARUT SELATAN
1146,P6201050202,Kalimantan Tengah,Kotawaringin Barat,ARUT SELATAN,MENDAWAI
1147,P6201050203,Kalimantan Tengah,Kotawaringin Barat,ARUT SELATAN,MADUREJO
1148,P6201060203,Kalimantan Tengah,Kotawaringin Barat,KUMAI,TELUK BOGAM
1149,P6201062201,Kalimantan Tengah,Kotawaringin Barat,PANGKALAN LADA,PANGKALAN LADA
1150,P6201070101,Kalimantan Tengah,Kotawaringin Barat,ARUT UTARA,ARUT UTARA
1151,P6202070101,Kalimantan Tengah,Kotawaringin Timur,MENTAYA HILIR UTARA,BAGENDANG
1152,P6202120202,Kalimantan Tengah,Kotawaringin Timur,BAAMANG,BAAMANG - II
1153,P6203040201,Kalimantan Tengah,Kapuas,SELAT,SELAT
1154,P6203040202,Kalimantan Tengah,Kapuas,SELAT,MELATI
1155,P6203040203,Kalimantan Tengah,Kapuas,SELAT,PULAU TELO
1156,P6204040201,Kalimantan Tengah,Barito Selatan,DUSUN SELATAN,B U N T O K
1157,P6204060102,Kalimantan Tengah,Barito Selatan,GUNUNG BINTANG AWAI,PATAS I
1158,P6301040201,Kalimantan Selatan,Tanah Laut,BATI - BATI,BATI BATI
1159,P6301060201,Kalimantan Selatan,Tanah Laut,PELAIHARI,PELAIHARI
1160,P6301080202,Kalimantan Selatan,Tanah Laut,JORONG,ASAM ASAM
1161,P6303020201,Kalimantan Selatan,Banjar,GAMBUT,GAMBUT
1162,P6303030201,Kalimantan Selatan,Banjar,KERTAK HANYAR,KERTAK HANYAR
1163,P6303050201,Kalimantan Selatan,Banjar,MARTAPURA,MARTAPURA 1
1164,P6303100101,Kalimantan Selatan,Banjar,PENGARON,PENGARON
1165,P6303120202,Kalimantan Selatan,Banjar,SIMPANG EMPAT,SIMPANG EMPAT 2
1166,P6304030101,Kalimantan Selatan,Barito Kuala,MEKAR SARI,MEKARSARI
1167,P6304040101,Kalimantan Selatan,Barito Kuala,ANJIR PASAR,ANJIR PASAR
1168,P6304050201,Kalimantan Selatan,Barito Kuala,ANJIR MUARA,ANJIR MUARA
1169,P6304060101,Kalimantan Selatan,Barito Kuala,ALALAK,BERANGAS
1170,P6304070201,Kalimantan Selatan,Barito Kuala,MANDASTANA,MANDASTANA
1171,P6304140201,Kalimantan Selatan,Barito Kuala,MARABAHAN,MARABAHAN
1172,P6306050201,Kalimantan Selatan,Hulu Sungai Selatan,KANDANGAN,KANDANGAN
1173,P6306100102,Kalimantan Selatan,Hulu Sungai Selatan,DAHA UTARA,NEGARA
1174,P6308010101,Kalimantan Selatan,Hulu Sungai Utara,DANAU PANGGANG,DANAU PANGGANG
1175,P6308040201,Kalimantan Selatan,Hulu Sungai Utara,AMUNTAI SELATAN,AMUNTAI SELATAN
1176,P6308050202,Kalimantan Selatan,Hulu Sungai Utara,AMUNTAI TENGAH,SUNGAI KARIAS
1177,P6309060202,Kalimantan Selatan,Tabalong,TANJUNG,HIKUN
1178,P6309070201,Kalimantan Selatan,Tabalong,MURUNG PUDAK,MURUNG PUDAK
1179,P6371010201,Kalimantan Selatan,Kota Banjarmasin,BANJARMASIN SELATAN,PEKAUMAN
1180,P6371010203,Kalimantan Selatan,Kota Banjarmasin,BANJARMASIN SELATAN,PEMURUS DALAM
1181,P6371020201,Kalimantan Selatan,Kota Banjarmasin,BANJARMASIN TIMUR,CEMPAKA PUTIH
1182,P6371020202,Kalimantan Selatan,Kota Banjarmasin,BANJARMASIN TIMUR,9 NOPEMBER
1183,P6371020205,Kalimantan Selatan,Kota Banjarmasin,BANJARMASIN TIMUR,KARANG MEKAR
1184,P6371030201,Kalimantan Selatan,Kota Banjarmasin,BANJARMASIN BARAT,TELUK TIRAM
1185,P6371030202,Kalimantan Selatan,Kota Banjarmasin,BANJARMASIN BARAT,PELAMBUAN
1186,P6371031201,Kalimantan Selatan,Kota Banjarmasin,BANJARMASIN TENGAH,SEI MESA
1187,P6371031202,Kalimantan Selatan,Kota Banjarmasin,BANJARMASIN TENGAH,GADANG HANYAR
1188,P6371031203,Kalimantan Selatan,Kota Banjarmasin,BANJARMASIN TENGAH,CEMPAKA
1189,P6371031204,Kalimantan Selatan,Kota Banjarmasin,BANJARMASIN TENGAH,TELUK DALAM
1190,P6371040202,Kalimantan Selatan,Kota Banjarmasin,BANJARMASIN UTARA,SEI JINGAH
Laporan Akuntabilitas Kinerja Ditjen Pelayanan Kesehatan Tahun 2016,,,,,76

No,KODE PUSK.,PROVINSI,KABUPATEN/KOTA,KECAMATAN,PUSKESMAS
1191,P6371040203,Kalimantan Selatan,Kota Banjarmasin,BANJARMASIN UTARA,KAYU TANGI
1192,P6371040204,Kalimantan Selatan,Kota Banjarmasin,BANJARMASIN UTARA,ALALAK SELATAN
1193,P6372010201,Kalimantan Selatan,Kota Banjar Baru,LANDASAN ULIN,GUNTUNG PAYUNG
1194,P6372011202,Kalimantan Selatan,Kota Banjar Baru,LIANG ANGGANG,LANDASAN ULIN
1195,P6372031202,Kalimantan Selatan,Kota Banjar Baru,BANJAR BARU UTARA,SEI ULIN
1196,P6372032202,Kalimantan Selatan,Kota Banjar Baru,BANJAR BARU SELATAN,BANJARBARU
1197,P6401050101,Kalimantan Timur,Paser,KUARO,KUARO
1198,P6401060101,Kalimantan Timur,Paser,LONG IKIS,LONG IKIS
1199,P6403010101,Kalimantan Timur,Kutai Kartanegara,SEMBOJA,SAMBOJA
1200,P6403050201,Kalimantan Timur,Kutai Kartanegara,LOA KULU,LOA KULU
1201,P6403090202,Kalimantan Timur,Kutai Kartanegara,TENGGARONG,RAPAK MAHANG
1202,P6403090203,Kalimantan Timur,Kutai Kartanegara,TENGGARONG,LOA IPUH
1203,P6403100102,Kalimantan Timur,Kutai Kartanegara,SEBULU,SEBULU II
1204,P6405050201,Kalimantan Timur,Berau,SAMBALIUNG,SAMBALIUNG
1205,P6405060201,Kalimantan Timur,Berau,TANJUNG REDEB,TANJUNG REDEB
1206,P6405060202,Kalimantan Timur,Berau,TANJUNG REDEB,KAMPUNG BUGIS
1207,P6405070101,Kalimantan Timur,Berau,GUNUNG TABUR,GUNUNG TABUR
1208,P6405090101,Kalimantan Timur,Berau,TELUK BAYUR,TELUK BAYUR
1209,P6409030101,Kalimantan Timur,Penajam Paser Utara,PENAJAM,PENAJAM
1210,P6409030102,Kalimantan Timur,Penajam Paser Utara,PENAJAM,PETUNG
1211,P6409030103,Kalimantan Timur,Penajam Paser Utara,PENAJAM,SOTEK
1212,P6409040101,Kalimantan Timur,Penajam Paser Utara,SEPAKU,SEPAKU I
1213,P6471010101,Kalimantan Timur,Kota Balikpapan,BALIKPAPAN SELATAN,SEPINGGAN
1214,P6471010102,Kalimantan Timur,Kota Balikpapan,BALIKPAPAN SELATAN,DAMAI
1215,P6471010105,Kalimantan Timur,Kota Balikpapan,BALIKPAPAN SELATAN,KLANDASAN ILIR
1216,P6471010203,Kalimantan Timur,Kota Balikpapan,BALIKPAPAN SELATAN,PRAPATAN
1217,P6471010204,Kalimantan Timur,Kota Balikpapan,BALIKPAPAN SELATAN,GUNUNG BAHAGIA
1218,P6471020102,Kalimantan Timur,Kota Balikpapan,BALIKPAPAN TIMUR,MANGGAR
1219,P6471020203,Kalimantan Timur,Kota Balikpapan,BALIKPAPAN TIMUR,TERITIP
1220,P6471020204,Kalimantan Timur,Kota Balikpapan,BALIKPAPAN TIMUR,MANGGAR BARU
1221,P6471030102,Kalimantan Timur,Kota Balikpapan,BALIKPAPAN UTARA,KARANG JOANG
1222,P6471030203,Kalimantan Timur,Kota Balikpapan,BALIKPAPAN UTARA,GUNUNG SAMARINDA
1223,P6471040104,Kalimantan Timur,Kota Balikpapan,BALIKPAPAN TENGAH,MEKAR SARI
1224,P6471050105,Kalimantan Timur,Kota Balikpapan,BALIKPAPAN BARAT,BARU ULU
1225,P6471050106,Kalimantan Timur,Kota Balikpapan,BALIKPAPAN BARAT,KARIANGAU
1226,P6471050201,Kalimantan Timur,Kota Balikpapan,BALIKPAPAN BARAT,BARU ILIR
1227,P6471050204,Kalimantan Timur,Kota Balikpapan,BALIKPAPAN BARAT,BARU TENGAH
1228,P6472010101,Kalimantan Timur,Kota Samarinda,PALARAN,PALARAN
1229,P6472010103,Kalimantan Timur,Kota Samarinda,PALARAN,TRAUMA CENTRE
1230,P6472020104,Kalimantan Timur,Kota Samarinda,SAMARINDA ILIR,MAKROMAN
1231,P6472030202,Kalimantan Timur,Kota Samarinda,SAMARINDA SEBERANG,MANGKUPALAS
1232,P6472050201,Kalimantan Timur,Kota Samarinda,SAMARINDA ULU,PASUNDAN
1233,P6472050202,Kalimantan Timur,Kota Samarinda,SAMARINDA ULU,AIR PUTIH
1234,P6472050205,Kalimantan Timur,Kota Samarinda,SAMARINDA ULU,WONOREJO
1235,P6472050206,Kalimantan Timur,Kota Samarinda,SAMARINDA ULU,KARANG ASAM
1236,P6472060101,Kalimantan Timur,Kota Samarinda,SAMARINDA UTARA,LEMPAKE
1237,P6472060203,Kalimantan Timur,Kota Samarinda,SAMARINDA UTARA,SEMPAJA
1238,P6474010102,Kalimantan Timur,Kota Bontang,BONTANG SELATAN,BONTANG LESTARI
1239,P6474010201,Kalimantan Timur,Kota Bontang,BONTANG SELATAN,BONTANG SELATAN I
1240,P6474010203,Kalimantan Timur,Kota Bontang,BONTANG SELATAN,BONTANG SELATAN II
1241,P6474020201,Kalimantan Timur,Kota Bontang,BONTANG UTARA,BONTANG UTARA I
1242,P6474020202,Kalimantan Timur,Kota Bontang,BONTANG UTARA,BONTANG UTARA II
1243,P6474030201,Kalimantan Timur,Kota Bontang,BONTANG BARAT,BONTANG BARAT
1244,P6502010102,Kalimantan Utara,Bulungan,PESO,BUMI RAHAYU
1245,P6502050201,Kalimantan Utara,Bulungan,TANJUNG SELOR,TANJUNG SELOR
1246,P6504100102,Kalimantan Utara,Nunukan,NUNUKAN,SEDADAP
1247,P6504120101,Kalimantan Utara,Nunukan,SEBATIK BARAT,AJI KUNING
1248,P6571010103,Kalimantan Utara,Kota Tarakan,TARAKAN TIMUR,GUNUNG LINGKAS
1249,P6571020101,Kalimantan Utara,Kota Tarakan,TARAKAN TENGAH,SEBENGKOK
1250,P6571030201,Kalimantan Utara,Kota Tarakan,TARAKAN BARAT,KARANG REJO
1251,P6571040102,Kalimantan Utara,Kota Tarakan,TARAKAN UTARA,JUATA LAUT
1252,P7103070101,Sulawesi Utara,Kepulauan Sangihe,TABUKAN TENGAH,KUMA
1253,P7103080101,Sulawesi Utara,Kepulauan Sangihe,MANGANITU,MANGANITU
1254,P7104021102,Sulawesi Utara,Kepulauan Talaud,SALIBABU,PULUTAN
1255,P7104030101,Sulawesi Utara,Kepulauan Talaud,MELONGUANE,MELONGUANE
1256,P7106010101,Sulawesi Utara,Minahasa Utara,KEMA,KEMA
1257,P7107020101,Sulawesi Utara,Bolaang Mongodow UtaraBINTAUNA,,BINTAUNA
1258,P7107030101,Sulawesi Utara,Bolaang Mongodow UtaraBOLANG ITANG TIMUR,,BOLAANG ITANG
1259,P7107030202,Sulawesi Utara,Bolaang Mongodow UtaraBOLANG ITANG TIMUR,,BOHABAK
1260,P7107050101,Sulawesi Utara,Bolaang Mongodow UtaraKAIDIPANG,,BOROKO
1261,P7110030101,Sulawesi Utara,Bolaang Mongondow SelatPaInNOLOSIAN,,PINOLOSIAN
1262,P7111030101,Sulawesi Utara,Bolaang Mongondow TimuKrOTABUNAN,,KOTABUNAN
1263,P7111040101,Sulawesi Utara,Bolaang Mongondow TimuMrODAYAG,,MODAYAG
1264,P7171010101,Sulawesi Utara,Kota Manado,MALALAYANG,BAHU
1265,P7171040101,Sulawesi Utara,Kota Manado,MAPANGET,PANIKI BAWAH
Laporan Akuntabilitas Kinerja Ditjen Pelayanan Kesehatan Tahun 2016,,,,,77

No,KODE PUSK.,PROVINSI,KABUPATEN/KOTA,KECAMATAN,PUSKESMAS
1266,P7171051201,Sulawesi Utara,Kota Manado,SINGKIL,KOMBOS
1267,P7171052101,Sulawesi Utara,Kota Manado,TUMINTING,TUMINTING
1268,P7173020101,Sulawesi Utara,Kota Tomohon,TOMOHON TENGAH,MATANI
1269,P7173030201,Sulawesi Utara,Kota Tomohon,TOMOHON UTARA,KAKASKASEN
1270,P7174010101,Sulawesi Utara,Kota Kotamobagu,KOTAMOBAGU SELATAN,MOTOBOI KECIL
1271,P7174030101,Sulawesi Utara,Kota Kotamobagu,KOTAMOBAGU BARAT,GOGAGOMAN
1272,P7205080201,Sulawesi Tengah,Donggala,BANAWA,DONGGALA
1273,P7205081101,Sulawesi Tengah,Donggala,BANAWA SELATAN,LEMBASADA
1274,P7205090201,Sulawesi Tengah,Donggala,LABUAN,LABUAN
1275,P7205091201,Sulawesi Tengah,Donggala,TANANTOVEA,WANI
1276,P7205100101,Sulawesi Tengah,Donggala,SINDUE,TOAYA
1277,P7206040202,Sulawesi Tengah,Toli-Toli,BAOLAN,KOTA
1278,P7206041101,Sulawesi Tengah,Toli-Toli,LAMPASIO,LAMPASIO
1279,P7208020201,Sulawesi Tengah,Parigi Moutong,PARIGI,PARIGI
1280,P7208051101,Sulawesi Tengah,Parigi Moutong,MEPANGA,MEPANGA
1281,P7209040201,Sulawesi Tengah,Tojo Una-Una,AMPANA TETE,TETE
1282,P7209050201,Sulawesi Tengah,Tojo Una-Una,AMPANA KOTA,AMPANA TIMUR
1283,P7212030201,Sulawesi Tengah,Morowali Utara,LEMBO RAYA,PETUMBEA
1284,P7212050202,Sulawesi Tengah,Morowali Utara,PETASIA,MALINO
1285,P7271011201,Sulawesi Tengah,Kota Palu,TATANGA,SANGURARA
1286,P7271012201,Sulawesi Tengah,Kota Palu,ULUJADI,TIPO
1287,P7271020104,Sulawesi Tengah,Kota Palu,PALU SELATAN,BULILI
1288,P7271020202,Sulawesi Tengah,Kota Palu,PALU SELATAN,BIROBULI
1289,P7271020204,Sulawesi Tengah,Kota Palu,PALU TIMUR,SINGGANI
1290,P7271031201,Sulawesi Tengah,Kota Palu,MANTIKULORE,TALISE
1291,P7301030101,Sulawesi Selatan,Selayar,BONTOSIKUYU,BONTOSIKUYU
1292,P7301030103,Sulawesi Selatan,Selayar,BONTOSIKUYU,BONTOSUNGGU
1293,P7301041102,Sulawesi Selatan,Selayar,BENTENG,BENTENG
1294,P7301042202,Sulawesi Selatan,Selayar,BONTOMANAI,POLEBUNGING
1295,P7302010101,Sulawesi Selatan,Bulukumba,GANTARANG,GATTARENG
1296,P7302021101,Sulawesi Selatan,Bulukumba,UJUNG LOE,UJUNG LOE
1297,P7302040101,Sulawesi Selatan,Bulukumba,BONTOTIRO,BONTO TIRO
1298,P7302070101,Sulawesi Selatan,Bulukumba,BULUKUMPA,TANETE
1299,P7303012201,Sulawesi Selatan,Bantaeng,SINOA,CAMPAGALOE
1300,P7304011202,Sulawesi Selatan,Jeneponto,BANGKALA BARAT,BARANA
1301,P7304020101,Sulawesi Selatan,Jeneponto,TAMALATEA,TAMALATEA
1302,P7304030101,Sulawesi Selatan,Jeneponto,BINAMU,BINAMU
1303,P7304030203,Sulawesi Selatan,Jeneponto,BINAMU,BINAMU KOTA
1304,P7304031202,Sulawesi Selatan,Jeneponto,TURATEA,BONTOMATENE
1305,P7304040101,Sulawesi Selatan,Jeneponto,BATANG,TOGO TOGO
1306,P7304041201,Sulawesi Selatan,Jeneponto,ARUNGKEKE,ARUNGKEKE
1307,P7304042102,Sulawesi Selatan,Jeneponto,TAROWANG,TINO
1308,P7305010101,Sulawesi Selatan,Takalar,MANGARA BOMBANG,MANGARA BOMBANE
1309,P7305031101,Sulawesi Selatan,Takalar,PATTALLASSANG,PATTALLASSANG
1310,P7305040101,Sulawesi Selatan,Takalar,POLOMBANGKENG UTARA,POLOMBANGKENG UTARA
1311,P7306010201,Sulawesi Selatan,Gowa,BONTONOMPO,BONTONOMPO II
1312,P7306030102,Sulawesi Selatan,Gowa,PALLANGGA,KAMPILI
1313,P7306030201,Sulawesi Selatan,Gowa,PALLANGGA,PALLANGGA
1314,P7306031203,Sulawesi Selatan,Gowa,BAROMBONG,MONCOBALANG
1315,P7306050101,Sulawesi Selatan,Gowa,BONTOMARANNU,BONTOMARANNU
1316,P7306071101,Sulawesi Selatan,Gowa,TOMBOLO PAO,TAMAONA
1317,P7307020202,Sulawesi Selatan,Sinjai,SINJAI BORONG,BIJI NANGKA
1318,P7307050203,Sulawesi Selatan,Sinjai,SINJAI TIMUR,KAMPALA
1319,P7307060102,Sulawesi Selatan,Sinjai,SINJAI TENGAH,MANIMPAHOI
1320,P7307080101,Sulawesi Selatan,Sinjai,BULUPODDO,BULUPODDO
1321,P7308010101,Sulawesi Selatan,Maros,MANDAI,MANDAI
1322,P7308022201,Sulawesi Selatan,Maros,TURIKALE,TURIKALE
1323,P7308023101,Sulawesi Selatan,Maros,LAU,L A U
1324,P7308050101,Sulawesi Selatan,Maros,TANRALILI,TANRALILI
1325,P7309030101,Sulawesi Selatan,Pangkajene Kepulauan,LIUKANG TUPABBIRING,LIUKANG TUPABBIRING
1326,P7309050101,Sulawesi Selatan,Pangkajene Kepulauan,BALOCCI,BALOCCI
1327,P7309080101,Sulawesi Selatan,Pangkajene Kepulauan,MA'RANG,MA'RANG
1328,P7309091101,Sulawesi Selatan,Pangkajene Kepulauan,SEGERI,SEGERI
1329,P7310020101,Sulawesi Selatan,Barru,TANETE RILAU,PEKKAE
1330,P7310030201,Sulawesi Selatan,Barru,BARRU,PADONGKO
1331,P7310040101,Sulawesi Selatan,Barru,SOPPENG RIAJA,MANGKOSO
1332,P7311110202,Sulawesi Selatan,Bone,BAREBBO,KADING
1333,P7311150201,Sulawesi Selatan,Bone,BENGO,KOPPE
1334,P7311170103,Sulawesi Selatan,Bone,PALAKKA,ULAWENG
1335,P7311210101,Sulawesi Selatan,Bone,AJANGALE,AJANGALE
1336,P7311220202,Sulawesi Selatan,Bone,DUA BOCCOE,DUABOCCOE
1337,P7311710201,Sulawesi Selatan,Bone,TANETE RIATTANG BARAT,WATAMPONE
1338,P7311720202,Sulawesi Selatan,Bone,TANETE RIATTANG,BIRU
1339,P7311730201,Sulawesi Selatan,Bone,TANETE RIATTANG TIMUR,BAJOE
1340,P7312020202,Sulawesi Selatan,Soppeng,LALABATA,SEWO
Laporan Akuntabilitas Kinerja Ditjen Pelayanan Kesehatan Tahun 2016,,,,,78

No,KODE PUSK.,PROVINSI,KABUPATEN/KOTA,KECAMATAN,PUSKESMAS
1341,P7312040101,Sulawesi Selatan,Soppeng,LILI RILAU,CABENGE
1342,P7312060101,Sulawesi Selatan,Soppeng,MARIO RIAWA,TANJONGE
1343,P7312060102,Sulawesi Selatan,Soppeng,MARIO RIAWA,TAKALALA
1344,P7312060104,Sulawesi Selatan,Soppeng,MARIO RIAWA,BATU-BATU
1345,P7313010101,Sulawesi Selatan,Wajo,SABBANG PARU,SABBANGPARU
1346,P7313020203,Sulawesi Selatan,Wajo,TEMPE,SALEWANGENG
1347,P7313030202,Sulawesi Selatan,Wajo,PAMMANA,LEMPA
1348,P7313080101,Sulawesi Selatan,Wajo,TANA SITOLO,TANASITOLO
1349,P7313090101,Sulawesi Selatan,Wajo,BELAWA,BELAWA
1350,P7313100101,Sulawesi Selatan,Wajo,MANIANG PAJO,MANIANGPAJO
1351,P7314030101,Sulawesi Selatan,Sedereng Rappang,WATANG PULU,LAWAWOI
1352,P7314040101,Sulawesi Selatan,Sedereng Rappang,BARANTI,BARANTI
1353,P7314040202,Sulawesi Selatan,Sedereng Rappang,BARANTI,MANISA
1354,P7314051101,Sulawesi Selatan,Sedereng Rappang,KULO,KULO
1355,P7314060201,Sulawesi Selatan,Sedereng Rappang,MARITENGNGAE,PANGKAJENE
1356,P7314061201,Sulawesi Selatan,Sedereng Rappang,WATANG SIDENRENG,EMAPAGAE
1357,P7314070202,Sulawesi Selatan,Sedereng Rappang,PITU RIAWA,DONGI
1358,P7314080101,Sulawesi Selatan,Sedereng Rappang,DUAPITUE,TANRU TEDONG
1359,P7315021101,Sulawesi Selatan,Pinrang,LANRISANG,LANRISANG
1360,P7315030101,Sulawesi Selatan,Pinrang,MATTIRO BULU,MATIRRO BULU
1361,P7315040201,Sulawesi Selatan,Pinrang,WATANG SAWITTO,SALO
1362,P7315041201,Sulawesi Selatan,Pinrang,PALETEANG,SULILI
1363,P7315042101,Sulawesi Selatan,Pinrang,TIROANG,MATIRO DECENG
1364,P7315060101,Sulawesi Selatan,Pinrang,CEMPA,CEMPA
1365,P7315070102,Sulawesi Selatan,Pinrang,DUAMPANUA,LAMPA
1366,P7316010101,Sulawesi Selatan,Enrekang,MAIWA,MAIWA
1367,P7316030101,Sulawesi Selatan,Enrekang,BARAKA,BARAKA
1368,P7316040101,Sulawesi Selatan,Enrekang,ANGGERAJA,ANGGERAJA
1369,P7317011101,Sulawesi Selatan,Luwu,LAROMPONG SELATAN,LAROMPONG SELATAN
1370,P7317020201,Sulawesi Selatan,Luwu,SULI,SULI
1371,P7317030201,Sulawesi Selatan,Luwu,BELOPA,BELOPA
1372,P7317032201,Sulawesi Selatan,Luwu,BELOPA UTARA,BARANA
1373,P7317040201,Sulawesi Selatan,Luwu,BAJO,BAJO
1374,P7317061101,Sulawesi Selatan,Luwu,PONRANG,PONRANG
1375,P7317090101,Sulawesi Selatan,Luwu,LAMASI,LAMASI
1376,P7318040101,Sulawesi Selatan,Toraja,MAKALE,MAKALE
1377,P7318041201,Sulawesi Selatan,Toraja,MAKALE SELATAN,SANDABILIK
1378,P7318042202,Sulawesi Selatan,Toraja,MAKALE UTARA,MAKALE UTARA
1379,P7318054101,Sulawesi Selatan,Toraja,MALIMBONG BALEPE,REMBON
1380,P7322010101,Sulawesi Selatan,Luwu Utara,SABBANG,SABBANG
1381,P7322020202,Sulawesi Selatan,Luwu Utara,BAEBUNTA,BAEBUNTA
1382,P7322031101,Sulawesi Selatan,Luwu Utara,MALANGKE BARAT,MALANGKE BARAT
1383,P7322040101,Sulawesi Selatan,Luwu Utara,SUKAMAJU,SUKAMAJU
1384,P7322120201,Sulawesi Selatan,Luwu Utara,MASAMBA,MASAMBA
1385,P7322121201,Sulawesi Selatan,Luwu Utara,MAPPEDECENG,CENDANA PUTIH
1386,P7325040101,Sulawesi Selatan,Luwu Timur,ANGKONA,ANGKONA
1387,P7325050101,Sulawesi Selatan,Luwu Timur,MALILI,MALILI
1388,P7325050102,Sulawesi Selatan,Luwu Timur,MALILI,LAMPIA
1389,P7325060102,Sulawesi Selatan,Luwu Timur,TOWUTI,MAHALONA
1390,P7325070102,Sulawesi Selatan,Luwu Timur,NUHA,NUHA
1391,P7325071101,Sulawesi Selatan,Luwu Timur,WASUPONDA,WASUPONDA
1392,P7325080101,Sulawesi Selatan,Luwu Timur,MANGKUTANA,MANGKUTANA
1393,P7326110101,Sulawesi Selatan,Toraja Utara,SESEAN,RANTE PANGLI
1394,P7326030101,Sulawesi Selatan,Toraja Utara,SANGGALANGI,TOMBANG KALUA
1395,P7326060201,Sulawesi Selatan,Toraja Utara,NANGGALA,NANGGALA
1396,P7326090201,Sulawesi Selatan,Toraja Utara,RANTEPAO,RANTEPAO
1397,P7326100101,Sulawesi Selatan,Toraja Utara,TIKALA,TIKALA
1398,P7326190101,Sulawesi Selatan,Toraja Utara,RINDINGALO,PANGALA
1399,P7371010201,Sulawesi Selatan,Kota Makassar,MARISO,DAHLIA
1400,P7371010203,Sulawesi Selatan,Kota Makassar,MARISO,PERTIWI
1401,P7371020101,Sulawesi Selatan,Kota Makassar,MAMAJANG,MAMAJANG
1402,P7371030202,Sulawesi Selatan,Kota Makassar,TAMALATE,JONGAYA
1403,P7371030204,Sulawesi Selatan,Kota Makassar,TAMALATE,TAMALATE
1404,P7371031101,Sulawesi Selatan,Kota Makassar,RAPPOCINI,KASSI-KASSI
1405,P7371031203,Sulawesi Selatan,Kota Makassar,RAPPOCINI,MANGASA
1406,P7371040203,Sulawesi Selatan,Kota Makassar,MAKASSAR,MACCINI SAWAH
1407,P7371050201,Sulawesi Selatan,Kota Makassar,UJUNG PANDANG,MAKKASAU
1408,P7371060201,Sulawesi Selatan,Kota Makassar,WAJO,TARAKANG
1409,P7371060202,Sulawesi Selatan,Kota Makassar,WAJO,ANDALAS
1410,P7371070202,Sulawesi Selatan,Kota Makassar,BONTOALA,MALIMONGAN BARU
1411,P7371080101,Sulawesi Selatan,Kota Makassar,UJUNG TANAH,PATTINGALLOANG
1412,P7371090202,Sulawesi Selatan,Kota Makassar,TALLO,KALUKU BODOA
1413,P7371100101,Sulawesi Selatan,Kota Makassar,PANAKKUKANG,BATUA
1414,P7371101202,Sulawesi Selatan,Kota Makassar,MANGGALA,ANTANG PERUMNAS
1415,P7371101203,Sulawesi Selatan,Kota Makassar,MANGGALA,TAMANGAPA
Laporan Akuntabilitas Kinerja Ditjen Pelayanan Kesehatan Tahun 2016,,,,,79

No,KODE PUSK.,PROVINSI,KABUPATEN/KOTA,KECAMATAN,PUSKESMAS
1416,P7371110201,Sulawesi Selatan,Kota Makassar,BIRING KANAYA,SUDIANG RAYA
1417,P7371110202,Sulawesi Selatan,Kota Makassar,BIRING KANAYA,SUDIANG
1418,P7371111203,Sulawesi Selatan,Kota Makassar,TAMALANREA,TAMALANREA
1419,P7371111205,Sulawesi Selatan,Kota Makassar,TAMALANREA,PACCERAKKANG
1420,P7372010101,Sulawesi Selatan,Kota Pare-pare,BACUKIKI,LUMPUE
1421,P7372010102,Sulawesi Selatan,Kota Pare-pare,BACUKIKI,LOMPOE
1422,P7372020101,Sulawesi Selatan,Kota Pare-pare,UJUNG,LAPPADDE
1423,P7372020102,Sulawesi Selatan,Kota Pare-pare,UJUNG,MADISING NA MARIO
1424,P7372030101,Sulawesi Selatan,Kota Pare-pare,SOREANG,LAKESSI
1425,P7372030102,Sulawesi Selatan,Kota Pare-pare,SOREANG,CEMPAE
1426,P7373020101,Sulawesi Selatan,Kota Palopo,WARA,WARA
1427,P7373022201,Sulawesi Selatan,Kota Palopo,MUNGKAJANG,MUNGKAJANG
1428,P7373030203,Sulawesi Selatan,Kota Palopo,WARA UTARA,WARA UTARA KOTA
1429,P7373040201,Sulawesi Selatan,Kota Palopo,TELLUWANUA,MAROANGIN
1430,P7373041101,Sulawesi Selatan,Kota Palopo,WARA BARAT,WARA BARAT
1431,P7408020101,Sulawesi Tenggara,Kolaka Utara,LASUSUA,LASUSUA
1432,P7471011101,Sulawesi Tenggara,Kota Kendari,BARUGA,LEPO-LEPO
1433,P7471020101,Sulawesi Tenggara,Kota Kendari,POASIA,POASIA
1434,P7472011101,Sulawesi Tenggara,Kota Bau-Bau,MURHUM,WAJO
1435,P7501040201,Gorontalo,Boalemo,TILAMUTA,TILAMUTA
1436,P7501050101,Gorontalo,Boalemo,PAGUYAMAN,PAGUYAMAN
1437,P7501050102,Gorontalo,Boalemo,PAGUYAMAN,BONGO II
1438,P7501050203,Gorontalo,Boalemo,PAGUYAMAN,BONGO NOL
1439,P7502020101,Gorontalo,Gorontalo,BATUDAA,BATUDAA
1440,P7502030101,Gorontalo,Gorontalo,TIBAWA,TIBAWA
1441,P7502070201,Gorontalo,Gorontalo,LIMBOTO,LIMBOTO
1442,P7502080101,Gorontalo,Gorontalo,TELAGA,TELAGA
1443,P7503040101,Gorontalo,Pohuwato,RANDANGAN,MOTOLOHU
1444,P7503050101,Gorontalo,Pohuwato,PAGUAT,PAGUAT
1445,P7504010202,Gorontalo,Bone Bolango,TAPA,BULANGO SELATAN
1446,P7504010203,Gorontalo,Bone Bolango,TAPA,BULANGO TIMUR
1447,P7504030101,Gorontalo,Bone Bolango,SUWAWA,SUWAWA
1448,P7504032201,Gorontalo,Bone Bolango,SUWAWA TIMUR,DUMBAYABULAN
1449,P7505010101,Gorontalo,Gorontalo Utara,ATINGGOLA,ATINGGOLA
1450,P7505020101,Gorontalo,Gorontalo Utara,KWANDANG,KWANDANG
1451,P7505040101,Gorontalo,Gorontalo Utara,SUMALATA,SUMALATA
1452,P7505050102,Gorontalo,Gorontalo Utara,TOLINGGULA,TOLINGGULA
1453,P7571010202,Gorontalo,Kota Gorontalo,KOTA BARAT,KOTA BARAT
1454,P7571021201,Gorontalo,Kota Gorontalo,KOTA TIMUR,KOTA TIMUR
1455,P7571030102,Gorontalo,Kota Gorontalo,KOTA UTARA,KOTA UTARA
1456,P7601020101,Sulawesi Barat,Majene,PAMBOANG,PAMBOANG
1457,P8171010202,Maluku,Kota Ambon,NUSANIWE,WAIHAONG
1458,P8171020202,Maluku,Kota Ambon,SIRIMAU,CH.M.TIAHAHU
1459,P8171020207,Maluku,Kota Ambon,SIRIMAU,WAIHOKA
1460,P8171031202,Maluku,Kota Ambon,TELUK AMBON,POKA
1461,P8272030201,Maluku Utara,Kota Tidore Kepulauan,TIDORE,SOA SIO
1462,P8272050101,Maluku Utara,Kota Tidore Kepulauan,OBA UTARA,GALALA
1463,P9102030101,Papua Barat,Kaimana,KAIMANA,KAIMANA
1464,P9103020201,Papua Barat,Teluk Wondama,WONDIBOY,WONDIBOI
1465,P9103030101,Papua Barat,Teluk Wondama,WASIOR,WASIOR
1466,P9104050101,Papua Barat,Teluk Bintuni,BINTUNI,BINTUNI
1467,P9104050202,Papua Barat,Teluk Bintuni,BINTUNI,MANIMERY
1468,P9105141202,Papua Barat,Manokwari,MANOKWARI BARAT,SANGGENG
1469,P9105142201,Papua Barat,Manokwari,MANOKWARI TIMUR,PASIR PUTIH
1470,P9106060201,Papua Barat,Sorong Selatan,MOSWAREN,MOSWAREN
1471,P9106072201,Papua Barat,Sorong Selatan,WAYER,WAYER
1472,P9107170101,Papua Barat,Sorong,AIMAS,AIMAS
1473,P9108031201,Papua Barat,Raja Ampat,SALAWATI UTARA,SAMATE
1474,P9111060101,Papua Barat,Manokwari Selatan,ORANSBARI,ORANSBARI
1475,P9171010201,Papua Barat,Kota Sorong,SORONG BARAT,TANJUNG KASUARI
1476,P9171020201,Papua Barat,Kota Sorong,SORONG TIMUR,KLASAMAN
1477,P9171021201,Papua Barat,Kota Sorong,SORONG UTARA,MALANU
1478,P9403220201,Papua,Jayapura,SENTANI BARAT,DOSAY
1479,P9403240201,Papua,Jayapura,SENTANI TIMUR,HARAPAN
Laporan Akuntabilitas Kinerja Ditjen Pelayanan Kesehatan Tahun 2016,,,,,80
